SNP,effect_allele.exposure,other_allele.exposure,effect_allele.outcome,other_allele.outcome,beta.exposure,beta.outcome,eaf.exposure,eaf.outcome,remove,palindromic,ambiguous,id.outcome,se.outcome,z.outcome,pval.outcome,samplesize.outcome,outcome,mr_keep.outcome,pval_origin.outcome,proxy.outcome,target_snp.outcome,proxy_snp.outcome,target_a1.outcome,target_a2.outcome,proxy_a1.outcome,proxy_a2.outcome,se.exposure,z.exposure,pval.exposure,samplesize.exposure,exposure,mr_keep.exposure,pval_origin.exposure,id.exposure,action,mr_keep,pt
rs10019888,G,A,G,A,-0.027,0.0531,0.1636,0.8259,FALSE,FALSE,FALSE,p6tc9n,0.0764,0.6950261780104713,0.4875,2764,VBI_any,TRUE,reported,NA,NA,NA,NA,NA,NA,NA,0.0046,-5.86957,4.901e-8,187167,HDL,TRUE,reported,7JYqEy,2,TRUE,5e-6
rs10087900,A,G,A,G,-0.0231,-0.0218,0.4393,0.4453,FALSE,FALSE,FALSE,p6tc9n,0.0587,-0.37137989778534924,0.7103,2764,VBI_any,TRUE,reported,NA,NA,NA,NA,NA,NA,NA,0.0036,-6.41667,2.174e-9,187167,HDL,TRUE,reported,7JYqEy,2,TRUE,5e-6
rs10093930,A,C,A,C,0.0194,-0.0032,0.6926,0.3167,FALSE,FALSE,FALSE,p6tc9n,0.0619,-0.0516963,0.9593,2764,VBI_any,TRUE,reported,NA,NA,NA,NA,NA,NA,NA,0.0036,5.388888888888889,3.5369999999999998e-6,187167,HDL,TRUE,reported,7JYqEy,2,TRUE,5e-6
rs102275,C,T,C,T,-0.0391,0.0686,0.372,0.6506,FALSE,FALSE,FALSE,p6tc9n,0.0606,1.1320132013201318,0.2577,2764,VBI_any,TRUE,reported,NA,NA,NA,NA,NA,NA,NA,0.0035,-11.1714,6.4039999999999995e-28,187167,HDL,TRUE,reported,7JYqEy,2,TRUE,5e-6
rs1027087,A,T,A,T,-0.0208,0.0254,0.2348,0.24539999999999995,FALSE,TRUE,FALSE,p6tc9n,0.0661,-0.38426626323751883,0.7002,2764,VBI_any,TRUE,reported,TRUE,rs1027087,rs718314,A,T,G,A,0.004,-5.2,3.017e-6,187167,HDL,TRUE,reported,7JYqEy,2,TRUE,5e-6
rs103294,T,C,T,C,0.0523,-0.0117,0.186,0.1987,FALSE,FALSE,FALSE,p6tc9n,0.073,-0.16027397260273973,0.8727,2764,VBI_any,TRUE,reported,NA,NA,NA,NA,NA,NA,NA,0.0044,11.886363636363635,3.9949999999999995e-30,187167,HDL,TRUE,reported,7JYqEy,2,TRUE,5e-6
rs10408163,C,T,C,T,-0.0181,0.0148,0.6939,0.7102,FALSE,FALSE,FALSE,p6tc9n,0.0632,0.234177,0.8152,2764,VBI_any,TRUE,reported,NA,NA,NA,NA,NA,NA,NA,0.0037,-4.89189,5.106e-7,187167,HDL,TRUE,reported,7JYqEy,2,TRUE,5e-6
rs10460587,T,C,T,C,0.0245,0.049,0.5488,0.5555,FALSE,FALSE,FALSE,p6tc9n,0.0582,0.8419243986254296,0.3993,2764,VBI_any,TRUE,reported,NA,NA,NA,NA,NA,NA,NA,0.0048,5.104166666666667,4.638e-7,187167,HDL,TRUE,reported,7JYqEy,2,TRUE,5e-6
rs10468017,T,C,T,C,0.1179,-0.0283,0.2757,0.2765,FALSE,FALSE,FALSE,p6tc9n,0.0631,-0.4484944532488114,0.6541,2764,VBI_any,TRUE,reported,NA,NA,NA,NA,NA,NA,NA,0.0038,31.026315789473685,1.2099999999999997e-188,187167,HDL,TRUE,reported,7JYqEy,2,TRUE,5e-6
rs1047891,A,C,A,C,-0.0269,0.0304,0.3021,0.3106,FALSE,FALSE,FALSE,p6tc9n,0.0685,0.4437956204379562,0.6567,2764,VBI_any,TRUE,reported,NA,NA,NA,NA,NA,NA,NA,0.0039,-6.89744,8.73e-10,187167,HDL,TRUE,reported,7JYqEy,2,TRUE,5e-6
rs10761771,C,T,C,T,0.0198,0.0683,0.467,0.5169,FALSE,FALSE,FALSE,p6tc9n,0.057999999999999996,1.1775862068965517,0.2389,2764,VBI_any,TRUE,reported,NA,NA,NA,NA,NA,NA,NA,0.0034,5.8235294117647065,4.120000000000001e-9,187167,HDL,TRUE,reported,7JYqEy,2,TRUE,5e-6
rs10789752,C,T,C,T,-0.019,-0.0376,0.6992,0.6948,FALSE,FALSE,FALSE,p6tc9n,0.0639,-0.588419,0.5565,2764,VBI_any,TRUE,reported,NA,NA,NA,NA,NA,NA,NA,0.0037,-5.13514,5.039000000000001e-7,187167,HDL,TRUE,reported,7JYqEy,2,TRUE,5e-6
rs10808546,T,C,T,C,0.0409,0.0435,0.4459,0.434,FALSE,FALSE,FALSE,p6tc9n,0.0588,0.7397959183673469,0.4595,2764,VBI_any,TRUE,reported,NA,NA,NA,NA,NA,NA,NA,0.0034,12.029411764705882,4.106e-30,187167,HDL,TRUE,reported,7JYqEy,2,TRUE,5e-6
rs10900522,C,T,C,T,-0.0214,-0.0585,0.252,0.7715,FALSE,FALSE,FALSE,p6tc9n,0.0694,-0.8429394812680115,0.3991,2764,VBI_any,TRUE,reported,NA,NA,NA,NA,NA,NA,NA,0.004,-5.35,1.221e-6,187167,HDL,TRUE,reported,7JYqEy,2,TRUE,5e-6
rs10928512,T,G,T,G,-0.0164,-0.038,0.4921,0.453,FALSE,FALSE,FALSE,p6tc9n,0.0595,-0.638655,0.5229,2764,VBI_any,TRUE,reported,NA,NA,NA,NA,NA,NA,NA,0.0035,-4.68571,3.645e-6,187167,HDL,TRUE,reported,7JYqEy,2,TRUE,5e-6
rs11045163,G,A,G,A,0.0217,0.0394,0.4063,0.5802,FALSE,FALSE,FALSE,p6tc9n,0.0596,0.6610738255033557,0.5079,2764,VBI_any,TRUE,reported,NA,NA,NA,NA,NA,NA,NA,0.0035,6.2,3.196e-9,187167,HDL,TRUE,reported,7JYqEy,2,TRUE,5e-6
rs11079810,T,C,T,C,0.0298,0.0624,0.1108,0.1075,FALSE,FALSE,FALSE,p6tc9n,0.0936,0.6666666666666666,0.5049,2764,VBI_any,TRUE,reported,NA,NA,NA,NA,NA,NA,NA,0.0057,5.228070175438597,1.676e-6,187167,HDL,TRUE,reported,7JYqEy,2,TRUE,5e-6
rs1121980,A,G,A,G,-0.0196,0.0159,0.4472,0.4439,FALSE,FALSE,FALSE,p6tc9n,0.0575,0.27652173913043476,0.7825,2764,VBI_any,TRUE,reported,NA,NA,NA,NA,NA,NA,NA,0.0034,-5.76471,6.791e-9,187167,HDL,TRUE,reported,7JYqEy,2,TRUE,5e-6
rs11229606,G,T,G,T,0.0335,0.1813,0.128,0.8796,FALSE,FALSE,FALSE,p6tc9n,0.0906,2.0011037527593816,0.045360000000000004,2764,VBI_any,TRUE,reported,NA,NA,NA,NA,NA,NA,NA,0.0051,6.568627450980392,3.117e-10,187167,HDL,TRUE,reported,7JYqEy,2,TRUE,5e-6
rs11246602,C,T,C,T,0.034,0.1417,0.1332,0.8774,FALSE,FALSE,FALSE,p6tc9n,0.0895,1.583240223463687,0.1133,2764,VBI_any,TRUE,reported,NA,NA,NA,NA,NA,NA,NA,0.0052,6.538461538461539,1.681e-10,187167,HDL,TRUE,reported,7JYqEy,2,TRUE,5e-6
rs11652146,A,G,A,G,-0.0192,0.0709,0.6873,0.311,FALSE,FALSE,FALSE,p6tc9n,0.0618,1.14725,0.2514,2764,VBI_any,TRUE,reported,NA,NA,NA,NA,NA,NA,NA,0.0036,-5.33333,1.1709999999999999e-6,187167,HDL,TRUE,reported,7JYqEy,2,TRUE,5e-6
rs11765979,C,A,C,A,0.0412,-2e-4,0.4578,0.5159,FALSE,FALSE,FALSE,p6tc9n,0.0587,-0.0034071550255536627,0.9976,2764,VBI_any,TRUE,reported,NA,NA,NA,NA,NA,NA,NA,0.0048,8.583333333333334,3.111e-17,187167,HDL,TRUE,reported,7JYqEy,2,TRUE,5e-6
rs11789603,T,C,T,C,0.06,-0.009000000000000001,0.08971,0.0966,FALSE,FALSE,FALSE,p6tc9n,0.1011,-0.08902077151335314,0.9288,2764,VBI_any,TRUE,reported,NA,NA,NA,NA,NA,NA,NA,0.006,10,3.695e-21,187167,HDL,TRUE,reported,7JYqEy,2,TRUE,5e-6
rs11865578,A,G,A,G,0.0244,-0.0584,0.1174,0.134,FALSE,FALSE,FALSE,p6tc9n,0.085,-0.6870588235294117,0.4921,2764,VBI_any,TRUE,reported,NA,NA,NA,NA,NA,NA,NA,0.0051,4.784313725490196,2.391e-6,187167,HDL,TRUE,reported,7JYqEy,2,TRUE,5e-6
rs12133576,G,A,G,A,-0.0243,-0.025,0.6451,0.6478,FALSE,FALSE,FALSE,p6tc9n,0.062,-0.403226,0.6863,2764,VBI_any,TRUE,reported,NA,NA,NA,NA,NA,NA,NA,0.0035,-6.94286,6.15e-11,187167,HDL,TRUE,reported,7JYqEy,2,TRUE,5e-6
rs12145743,G,T,G,T,0.0203,3e-4,0.3311,0.6474,FALSE,FALSE,FALSE,p6tc9n,0.0604,0.004966887417218542,0.9966,2764,VBI_any,TRUE,reported,NA,NA,NA,NA,NA,NA,NA,0.0036,5.638888888888888,1.803e-8,187167,HDL,TRUE,reported,7JYqEy,2,TRUE,5e-6
rs12286037,T,C,T,C,-0.1052,-0.0251,0.06069,0.0718,FALSE,FALSE,FALSE,p6tc9n,0.1138,-0.22056239015817225,0.8257,2764,VBI_any,TRUE,reported,NA,NA,NA,NA,NA,NA,NA,0.006999999999999999,-15.0286,2.801e-47,187167,HDL,TRUE,reported,7JYqEy,2,TRUE,5e-6
rs12412743,T,C,T,C,-0.0291,-0.0343,0.153,0.1681,FALSE,FALSE,FALSE,p6tc9n,0.078,-0.4397435897435897,0.6596,2764,VBI_any,TRUE,reported,NA,NA,NA,NA,NA,NA,NA,0.0045,-6.46667,1.3070000000000001e-9,187167,HDL,TRUE,reported,7JYqEy,2,TRUE,5e-6
rs12525163,C,T,C,T,0.0215,0.0019,0.2652,0.7276,FALSE,FALSE,FALSE,p6tc9n,0.0651,0.029185867895545312,0.977,2764,VBI_any,TRUE,reported,NA,NA,NA,NA,NA,NA,NA,0.0037,5.8108108108108105,1.5240000000000001e-7,187167,HDL,TRUE,reported,7JYqEy,2,TRUE,5e-6
rs12740374,T,G,T,G,0.0343,-0.0301,0.2124,0.2177,FALSE,FALSE,FALSE,p6tc9n,0.071,-0.423943661971831,0.6716,2764,VBI_any,TRUE,reported,NA,NA,NA,NA,NA,NA,NA,0.0041,8.365853658536585,1.6870000000000002e-15,187167,HDL,TRUE,reported,7JYqEy,2,TRUE,5e-6
rs12748152,T,C,T,C,-0.0506,-0.1693,0.07124,0.0746,FALSE,FALSE,FALSE,p6tc9n,0.1137,-1.4890061565523307,0.1366,2764,VBI_any,TRUE,reported,NA,NA,NA,NA,NA,NA,NA,0.0062,-8.16129,9.737e-16,187167,HDL,TRUE,reported,7JYqEy,2,TRUE,5e-6
rs12801636,A,G,A,G,0.0235,-0.0627,0.2243,0.218,FALSE,FALSE,FALSE,p6tc9n,0.0705,-0.8893617021276597,0.3733,2764,VBI_any,TRUE,reported,NA,NA,NA,NA,NA,NA,NA,0.0042,5.595238095238096,3.1469999999999997e-8,187167,HDL,TRUE,reported,7JYqEy,2,TRUE,5e-6
rs12897338,T,C,T,C,-0.0158,-0.0051,0.4697,0.4786,FALSE,FALSE,FALSE,p6tc9n,0.0569,-0.08963093145869948,0.9286,2764,VBI_any,TRUE,reported,NA,NA,NA,NA,NA,NA,NA,0.0035,-4.51429,2.384e-6,187167,HDL,TRUE,reported,7JYqEy,2,TRUE,5e-6
rs12930375,C,T,C,T,-0.019,-0.1314,0.2243,0.7943,FALSE,FALSE,FALSE,p6tc9n,0.07,-1.8771428571428568,0.060570000000000006,2764,VBI_any,TRUE,reported,NA,NA,NA,NA,NA,NA,NA,0.0042,-4.52381,3.863e-6,187167,HDL,TRUE,reported,7JYqEy,2,TRUE,5e-6
rs13076253,C,A,C,A,-0.0283,0.0983,0.1478,0.8496,FALSE,FALSE,FALSE,p6tc9n,0.0806,1.2196029776674937,0.2226,2764,VBI_any,TRUE,reported,NA,NA,NA,NA,NA,NA,NA,0.0048,-5.89583,4.961e-9,187167,HDL,TRUE,reported,7JYqEy,2,TRUE,5e-6
rs13107325,T,C,T,C,-0.0708,-0.1642,0.07784,0.0797,FALSE,FALSE,FALSE,p6tc9n,0.1086,-1.5119705340699816,0.1305,2764,VBI_any,TRUE,reported,NA,NA,NA,NA,NA,NA,NA,0.0078,-9.07692,1.065e-15,187167,HDL,TRUE,reported,7JYqEy,2,TRUE,5e-6
rs13326165,G,A,G,A,-0.0289,0.0941,0.8127,0.7943,FALSE,FALSE,FALSE,p6tc9n,0.0721,1.30513,0.192,2764,VBI_any,TRUE,reported,NA,NA,NA,NA,NA,NA,NA,0.0043,-6.72093,9.042e-11,187167,HDL,TRUE,reported,7JYqEy,2,TRUE,5e-6
rs13379043,C,T,C,T,0.0191,0.0099,0.2889,0.7116,FALSE,FALSE,FALSE,p6tc9n,0.0635,0.15590551181102363,0.8758,2764,VBI_any,TRUE,reported,NA,NA,NA,NA,NA,NA,NA,0.0042,4.5476190476190474,1.7259999999999999e-6,187167,HDL,TRUE,reported,7JYqEy,2,TRUE,5e-6
rs13702,C,T,C,T,0.1058,0.0343,0.3127,0.714,FALSE,FALSE,FALSE,p6tc9n,0.0637,0.5384615384615383,0.5902,2764,VBI_any,TRUE,reported,NA,NA,NA,NA,NA,NA,NA,0.0038,27.842105263157897,1.2799999999999996e-160,187167,HDL,TRUE,reported,7JYqEy,2,TRUE,5e-6
rs140147,A,G,A,G,-0.0186,0.0958,0.3826,0.3674,FALSE,FALSE,FALSE,p6tc9n,0.0596,1.6073825503355703,0.1076,2764,VBI_any,TRUE,reported,NA,NA,NA,NA,NA,NA,NA,0.0036,-5.16667,3.2060000000000003e-6,187167,HDL,TRUE,reported,7JYqEy,2,TRUE,5e-6
rs1482852,G,A,G,A,0.0209,0.0037,0.3971,0.5801,FALSE,FALSE,FALSE,p6tc9n,0.0582,0.06357388316151202,0.9497,2764,VBI_any,TRUE,reported,NA,NA,NA,NA,NA,NA,NA,0.0035,5.971428571428571,6.34e-8,187167,HDL,TRUE,reported,7JYqEy,2,TRUE,5e-6
rs1515110,T,G,T,G,-0.0323,0.0307,0.6187,0.3683,FALSE,FALSE,FALSE,p6tc9n,0.0596,0.515101,0.606,2764,VBI_any,TRUE,reported,NA,NA,NA,NA,NA,NA,NA,0.0035,-9.22857,8.038e-18,187167,HDL,TRUE,reported,7JYqEy,2,TRUE,5e-6
rs1534696,A,C,A,C,0.0182,0.1155,0.5594,0.4249,FALSE,FALSE,FALSE,p6tc9n,0.0607,1.9028,0.05719,2764,VBI_any,TRUE,reported,NA,NA,NA,NA,NA,NA,NA,0.0037,4.918918918918919,2.25e-6,187167,HDL,TRUE,reported,7JYqEy,2,TRUE,5e-6
rs1689797,A,C,A,C,-0.0358,0.0059,0.3021,0.3382,FALSE,FALSE,FALSE,p6tc9n,0.0598,0.09866220735785954,0.9213,2764,VBI_any,TRUE,reported,NA,NA,NA,NA,NA,NA,NA,0.0036,-9.94444,2.8520000000000003e-21,187167,HDL,TRUE,reported,7JYqEy,2,TRUE,5e-6
rs16942887,A,G,A,G,0.0831,0.0756,0.1332,0.1183,FALSE,FALSE,FALSE,p6tc9n,0.0882,0.8571428571428571,0.3915,2764,VBI_any,TRUE,reported,NA,NA,NA,NA,NA,NA,NA,0.0051,16.294117647058822,8.281000000000001e-54,187167,HDL,TRUE,reported,7JYqEy,2,TRUE,5e-6
rs16965220,A,C,A,C,0.0219,0.0408,0.2982,0.3241,FALSE,FALSE,FALSE,p6tc9n,0.0622,0.6559485530546625,0.5118,2764,VBI_any,TRUE,reported,NA,NA,NA,NA,NA,NA,NA,0.0037,5.918918918918918,7.909e-9,187167,HDL,TRUE,reported,7JYqEy,2,TRUE,5e-6
rs17135399,G,A,G,A,-0.0483,-0.0341,0.06596,0.9326,FALSE,FALSE,FALSE,p6tc9n,0.1135,-0.3004405286343612,0.7636,2764,VBI_any,TRUE,reported,NA,NA,NA,NA,NA,NA,NA,0.0077,-6.27273,4.26e-9,187167,HDL,TRUE,reported,7JYqEy,2,TRUE,5e-6
rs17145738,T,C,T,C,0.0408,-0.0516,0.1174,0.114,FALSE,FALSE,FALSE,p6tc9n,0.0942,-0.5477707006369427,0.5835,2764,VBI_any,TRUE,reported,NA,NA,NA,NA,NA,NA,NA,0.0053,7.698113207547171,4.952e-13,187167,HDL,TRUE,reported,7JYqEy,2,TRUE,5e-6
rs17173637,C,T,C,T,-0.0363,0.0066,0.09763,0.9074,FALSE,FALSE,FALSE,p6tc9n,0.0991,0.06659939455095863,0.9468,2764,VBI_any,TRUE,reported,NA,NA,NA,NA,NA,NA,NA,0.0057,-6.36842,1.899e-8,187167,HDL,TRUE,reported,7JYqEy,2,TRUE,5e-6
rs17286602,A,T,A,T,0.021,-0.027000000000000003,0.409,0.4101,FALSE,TRUE,FALSE,p6tc9n,0.0586,-0.4607508532423209,0.6455,2764,VBI_any,TRUE,reported,TRUE,rs17286602,rs11760631,A,T,T,C,0.0034,6.176470588235295,2.932e-7,187167,HDL,TRUE,reported,7JYqEy,2,TRUE,5e-6
rs17369578,A,G,A,G,0.0355,0.039,0.05805,0.0464,FALSE,FALSE,FALSE,p6tc9n,0.1386,0.2813852813852814,0.7782,2764,VBI_any,TRUE,reported,NA,NA,NA,NA,NA,NA,NA,0.0075,4.733333333333333,7.786000000000001e-8,187167,HDL,TRUE,reported,7JYqEy,2,TRUE,5e-6
rs17526722,A,G,A,G,-0.0312,-0.0871,0.07256,0.0855,FALSE,FALSE,FALSE,p6tc9n,0.1232,-0.7069805194805194,0.4796,2764,VBI_any,TRUE,reported,NA,NA,NA,NA,NA,NA,NA,0.0065,-4.8,1.42e-7,187167,HDL,TRUE,reported,7JYqEy,2,TRUE,5e-6
rs17695224,A,G,A,G,-0.029,0.0779,0.2388,0.2586,FALSE,FALSE,FALSE,p6tc9n,0.0674,1.1557863501483678,0.2479,2764,VBI_any,TRUE,reported,NA,NA,NA,NA,NA,NA,NA,0.0039,-7.4359,2.417e-13,187167,HDL,TRUE,reported,7JYqEy,2,TRUE,5e-6
rs1800961,T,C,T,C,-0.127,0.0908,0.0343,0.0279,FALSE,FALSE,FALSE,p6tc9n,0.171,0.5309941520467836,0.5953,2764,VBI_any,TRUE,reported,NA,NA,NA,NA,NA,NA,NA,0.0099,-12.8283,1.639e-34,187167,HDL,TRUE,reported,7JYqEy,2,TRUE,5e-6
rs181362,T,C,T,C,-0.0379,0.0358,0.1992,0.1958,FALSE,FALSE,FALSE,p6tc9n,0.0717,0.49930264993026496,0.6179,2764,VBI_any,TRUE,reported,NA,NA,NA,NA,NA,NA,NA,0.0042,-9.02381,4.303e-18,187167,HDL,TRUE,reported,7JYqEy,2,TRUE,5e-6
rs1866956,T,C,T,C,0.0217,-0.0102,0.6755,0.3146,FALSE,FALSE,FALSE,p6tc9n,0.0633,-0.161137,0.8726,2764,VBI_any,TRUE,reported,NA,NA,NA,NA,NA,NA,NA,0.0037,5.864864864864865,7.964000000000001e-10,187167,HDL,TRUE,reported,7JYqEy,2,TRUE,5e-6
rs1883025,T,C,T,C,-0.0698,0.0172,0.2427,0.2858,FALSE,FALSE,FALSE,p6tc9n,0.0638,0.26959247648902823,0.7872,2764,VBI_any,TRUE,reported,NA,NA,NA,NA,NA,NA,NA,0.0041,-17.0244,1.4959999999999998e-65,187167,HDL,TRUE,reported,7JYqEy,2,TRUE,5e-6
rs1936800,T,C,T,C,-0.02,-0.0854,0.4723,0.5176,FALSE,FALSE,FALSE,p6tc9n,0.0583,-1.4648370497427103,0.14300000000000002,2764,VBI_any,TRUE,reported,NA,NA,NA,NA,NA,NA,NA,0.0034,-5.88235,3.0550000000000003e-10,187167,HDL,TRUE,reported,7JYqEy,2,TRUE,5e-6
rs197925,A,G,A,G,0.0177,0.0749,0.3865,0.3929,FALSE,FALSE,FALSE,p6tc9n,0.0593,1.263069139966273,0.2066,2764,VBI_any,TRUE,reported,NA,NA,NA,NA,NA,NA,NA,0.0035,5.057142857142857,4.147e-7,187167,HDL,TRUE,reported,7JYqEy,2,TRUE,5e-6
rs1980493,C,T,C,T,-0.0318,0.0684,0.1227,0.8469,FALSE,FALSE,FALSE,p6tc9n,0.0917,0.7459105779716466,0.4554,2764,VBI_any,TRUE,reported,NA,NA,NA,NA,NA,NA,NA,0.0048,-6.625,3.764e-10,187167,HDL,TRUE,reported,7JYqEy,2,TRUE,5e-6
rs1997243,G,A,G,A,0.0248,0.0332,0.1306,0.849,FALSE,FALSE,FALSE,p6tc9n,0.0818,0.40586797066014674,0.6852,2764,VBI_any,TRUE,reported,NA,NA,NA,NA,NA,NA,NA,0.0048,5.166666666666667,2.2699999999999998e-7,187167,HDL,TRUE,reported,7JYqEy,2,TRUE,5e-6
rs2013208,T,C,T,C,0.0254,0.0859,0.5053,0.5097,FALSE,FALSE,FALSE,p6tc9n,0.0583,1.4734133790737565,0.1406,2764,VBI_any,TRUE,reported,NA,NA,NA,NA,NA,NA,NA,0.0036,7.055555555555555,8.916e-12,187167,HDL,TRUE,reported,7JYqEy,2,TRUE,5e-6
rs205262,G,A,G,A,-0.0283,0.0701,0.2665,0.7114,FALSE,FALSE,FALSE,p6tc9n,0.0644,1.0885093167701863,0.2757,2764,VBI_any,TRUE,reported,NA,NA,NA,NA,NA,NA,NA,0.0039,-7.25641,3.878e-13,187167,HDL,TRUE,reported,7JYqEy,2,TRUE,5e-6
rs2062432,A,G,A,G,0.0157,0.0912,0.5633,0.4627,FALSE,FALSE,FALSE,p6tc9n,0.0581,1.56971,0.1164,2764,VBI_any,TRUE,reported,NA,NA,NA,NA,NA,NA,NA,0.0034,4.617647058823529,2.5630000000000003e-6,187167,HDL,TRUE,reported,7JYqEy,2,TRUE,5e-6
rs2066714,C,T,C,T,0.0453,0.0614,0.1201,0.6718,FALSE,FALSE,FALSE,p6tc9n,0.0538,1.141263940520446,0.2539,2764,VBI_any,TRUE,reported,NA,NA,NA,NA,NA,NA,NA,0.0071,6.380281690140845,7.257999999999999e-10,187167,HDL,TRUE,reported,7JYqEy,2,TRUE,5e-6
rs2075650,G,A,G,A,-0.0554,0.16699999999999998,0.1266,0.6941,FALSE,FALSE,FALSE,p6tc9n,0.0659,2.534142640364188,0.011340000000000001,2764,VBI_any,TRUE,reported,NA,NA,NA,NA,NA,NA,NA,0.0051,-10.8627,9.716e-26,187167,HDL,TRUE,reported,7JYqEy,2,TRUE,5e-6
rs2124036,C,T,C,T,-0.0186,-0.13699999999999998,0.2164,0.7771,FALSE,FALSE,FALSE,p6tc9n,0.068,-2.0147058823529407,0.04411,2764,VBI_any,TRUE,reported,NA,NA,NA,NA,NA,NA,NA,0.0041,-4.53659,1.6809999999999999e-6,187167,HDL,TRUE,reported,7JYqEy,2,TRUE,5e-6
rs2160669,T,C,T,C,0.0944,-0.0359,0.90633,0.0692,FALSE,FALSE,FALSE,p6tc9n,0.1184,-0.303209,0.7617,2764,VBI_any,TRUE,reported,NA,NA,NA,NA,NA,NA,NA,0.0069,13.681159420289855,1.837e-36,187167,HDL,TRUE,reported,7JYqEy,2,TRUE,5e-6
rs2241210,G,A,G,A,0.0332,-0.0057,0.5528,0.5343,FALSE,FALSE,FALSE,p6tc9n,0.0565,-0.100885,0.9197,2764,VBI_any,TRUE,reported,NA,NA,NA,NA,NA,NA,NA,0.0035,9.485714285714286,2.4889999999999997e-20,187167,HDL,TRUE,reported,7JYqEy,2,TRUE,5e-6
rs2241770,C,T,C,T,-0.0989,0.0625,0.1029,0.8957,FALSE,FALSE,FALSE,p6tc9n,0.0973,0.6423432682425488,0.5209,2764,VBI_any,TRUE,reported,NA,NA,NA,NA,NA,NA,NA,0.0057,-17.3509,6.784000000000001e-60,187167,HDL,TRUE,reported,7JYqEy,2,TRUE,5e-6
rs2250802,A,G,A,G,-0.034,-0.0467,0.6807,0.2927,FALSE,FALSE,FALSE,p6tc9n,0.0625,-0.7472,0.4554,2764,VBI_any,TRUE,reported,NA,NA,NA,NA,NA,NA,NA,0.0038,-8.94737,2.022e-17,187167,HDL,TRUE,reported,7JYqEy,2,TRUE,5e-6
rs2275774,G,A,G,A,0.0217,0.0723,0.1781,0.7974,FALSE,FALSE,FALSE,p6tc9n,0.0733,0.9863574351978172,0.3236,2764,VBI_any,TRUE,reported,NA,NA,NA,NA,NA,NA,NA,0.0043,5.046511627906977,7.601e-7,187167,HDL,TRUE,reported,7JYqEy,2,TRUE,5e-6
rs2278236,A,G,A,G,0.0331,0.1014,0.5435,0.471,FALSE,FALSE,FALSE,p6tc9n,0.057999999999999996,1.74828,0.08021,2764,VBI_any,TRUE,reported,NA,NA,NA,NA,NA,NA,NA,0.0035,9.457142857142856,3.1850000000000004e-18,187167,HDL,TRUE,reported,7JYqEy,2,TRUE,5e-6
rs2288911,G,T,G,T,0.0302,-0.0392,0.5053,0.4853,FALSE,FALSE,FALSE,p6tc9n,0.0576,-0.6805555555555556,0.4958,2764,VBI_any,TRUE,reported,NA,NA,NA,NA,NA,NA,NA,0.0036,8.38888888888889,2.842e-15,187167,HDL,TRUE,reported,7JYqEy,2,TRUE,5e-6
rs2290547,A,G,A,G,-0.0297,0.0345,0.2111,0.1666,FALSE,FALSE,FALSE,p6tc9n,0.0764,0.4515706806282723,0.6512,2764,VBI_any,TRUE,reported,NA,NA,NA,NA,NA,NA,NA,0.0046,-6.45652,3.69e-9,187167,HDL,TRUE,reported,7JYqEy,2,TRUE,5e-6
rs2292101,T,C,T,C,-0.0518,-0.0383,0.04485,0.037,FALSE,FALSE,FALSE,p6tc9n,0.157,-0.24394904458598726,0.8074,2764,VBI_any,TRUE,reported,NA,NA,NA,NA,NA,NA,NA,0.0096,-5.39583,1.359e-7,187167,HDL,TRUE,reported,7JYqEy,2,TRUE,5e-6
rs2293889,G,T,G,T,0.0312,0.0113,0.5871,0.5785,FALSE,FALSE,FALSE,p6tc9n,0.0595,0.189916,0.8498,2764,VBI_any,TRUE,reported,NA,NA,NA,NA,NA,NA,NA,0.0035,8.914285714285713,4.2709999999999995e-17,187167,HDL,TRUE,reported,7JYqEy,2,TRUE,5e-6
rs2303975,A,G,A,G,0.0279,0.0167,0.1425,0.1073,FALSE,FALSE,FALSE,p6tc9n,0.0925,0.18054054054054053,0.857,2764,VBI_any,TRUE,reported,NA,NA,NA,NA,NA,NA,NA,0.0049,5.6938775510204085,1.585e-7,187167,HDL,TRUE,reported,7JYqEy,2,TRUE,5e-6
rs231492,T,G,T,G,-0.0433,0.0756,0.08575,0.0738,FALSE,FALSE,FALSE,p6tc9n,0.1354,0.5583456425406205,0.5766,2764,VBI_any,TRUE,reported,NA,NA,NA,NA,NA,NA,NA,0.0077,-5.62338,2.002e-7,187167,HDL,TRUE,reported,7JYqEy,2,TRUE,5e-6
rs2373459,T,C,T,C,0.0177,0.0183,0.6544,0.3378,FALSE,FALSE,FALSE,p6tc9n,0.0614,0.298046,0.7652,2764,VBI_any,TRUE,reported,NA,NA,NA,NA,NA,NA,NA,0.0036,4.916666666666667,2.8460000000000004e-6,187167,HDL,TRUE,reported,7JYqEy,2,TRUE,5e-6
rs2384034,T,C,T,C,0.0173,-0.0361,0.4327,0.416,FALSE,FALSE,FALSE,p6tc9n,0.0596,-0.6057046979865772,0.545,2764,VBI_any,TRUE,reported,NA,NA,NA,NA,NA,NA,NA,0.0034,5.088235294117647,1.543e-6,187167,HDL,TRUE,reported,7JYqEy,2,TRUE,5e-6
rs2412710,A,G,A,G,-0.084,0.0147,0.02243,0.0203,FALSE,FALSE,FALSE,p6tc9n,0.22899999999999998,0.06419213973799127,0.9489,2764,VBI_any,TRUE,reported,NA,NA,NA,NA,NA,NA,NA,0.0139,-6.04317,1.36e-9,187167,HDL,TRUE,reported,7JYqEy,2,TRUE,5e-6
rs2428486,C,T,C,T,0.0203,0.0633,0.3826,0.6626,FALSE,FALSE,FALSE,p6tc9n,0.0631,1.0031695721077654,0.316,2764,VBI_any,TRUE,reported,NA,NA,NA,NA,NA,NA,NA,0.0037,5.486486486486486,8.65e-8,187167,HDL,TRUE,reported,7JYqEy,2,TRUE,5e-6
rs2454722,G,A,G,A,0.0351,0.0909,0.1451,0.8035,FALSE,FALSE,FALSE,p6tc9n,0.0733,1.2401091405184173,0.2146,2764,VBI_any,TRUE,reported,NA,NA,NA,NA,NA,NA,NA,0.0044,7.977272727272727,3.308e-14,187167,HDL,TRUE,reported,7JYqEy,2,TRUE,5e-6
rs2589266,G,T,G,T,-0.0185,-0.0688,0.5633,0.5698,FALSE,FALSE,FALSE,p6tc9n,0.0589,-1.16808,0.2426,2764,VBI_any,TRUE,reported,NA,NA,NA,NA,NA,NA,NA,0.0034,-5.44118,3.449e-7,187167,HDL,TRUE,reported,7JYqEy,2,TRUE,5e-6
rs2593727,G,A,G,A,0.0213,0.0212,0.3325,0.7117,FALSE,FALSE,FALSE,p6tc9n,0.0635,0.33385826771653543,0.738,2764,VBI_any,TRUE,reported,NA,NA,NA,NA,NA,NA,NA,0.0038,5.605263157894736,1.176e-7,187167,HDL,TRUE,reported,7JYqEy,2,TRUE,5e-6
rs2602836,G,A,G,A,-0.0192,0.0326,0.5726,0.5787,FALSE,FALSE,FALSE,p6tc9n,0.0587,0.555366,0.5789,2764,VBI_any,TRUE,reported,NA,NA,NA,NA,NA,NA,NA,0.0034,-5.64706,4.963999999999999e-8,187167,HDL,TRUE,reported,7JYqEy,2,TRUE,5e-6
rs2606736,T,C,T,C,-0.0246,-0.118,0.6055,0.3883,FALSE,FALSE,FALSE,p6tc9n,0.0594,-1.98653,0.04698,2764,VBI_any,TRUE,reported,NA,NA,NA,NA,NA,NA,NA,0.0043,-5.72093,4.7989999999999995e-8,187167,HDL,TRUE,reported,7JYqEy,2,TRUE,5e-6
rs2642438,G,A,G,A,0.0303,-0.015,0.7454,0.7137,FALSE,FALSE,FALSE,p6tc9n,0.0703,-0.213371,0.8311,2764,VBI_any,TRUE,reported,NA,NA,NA,NA,NA,NA,NA,0.0039,7.76923076923077,7.781e-14,187167,HDL,TRUE,reported,7JYqEy,2,TRUE,5e-6
rs2652840,C,T,C,T,0.0272,-0.0424,0.7665,0.7916,FALSE,FALSE,FALSE,p6tc9n,0.0707,-0.59971699999999994,0.5489999999999999,2764,VBI_any,TRUE,reported,NA,NA,NA,NA,NA,NA,NA,0.0042,6.476190476190476,1.0879999999999999e-10,187167,HDL,TRUE,reported,7JYqEy,2,TRUE,5e-6
rs2845885,T,C,T,C,0.0331,0.1138,0.9314,0.0597,FALSE,FALSE,FALSE,p6tc9n,0.1259,0.903892,0.3659,2764,VBI_any,TRUE,reported,NA,NA,NA,NA,NA,NA,NA,0.0072,4.597222222222222,2.948e-6,187167,HDL,TRUE,reported,7JYqEy,2,TRUE,5e-6
rs2862954,C,T,C,T,0.0166,0.0707,0.4631,0.485,FALSE,FALSE,FALSE,p6tc9n,0.0581,1.21687,0.2242,2764,VBI_any,TRUE,reported,NA,NA,NA,NA,NA,NA,NA,0.0034,4.882352941176471,1.287e-6,187167,HDL,TRUE,reported,7JYqEy,2,TRUE,5e-6
rs2923084,G,A,G,A,-0.0256,-0.0378,0.153,0.8141,FALSE,FALSE,FALSE,p6tc9n,0.0736,-0.5135869565217391,0.6079,2764,VBI_any,TRUE,reported,NA,NA,NA,NA,NA,NA,NA,0.0045,-5.68889,5.019999999999999e-8,187167,HDL,TRUE,reported,7JYqEy,2,TRUE,5e-6
rs2925979,C,T,C,T,0.0351,-0.0666,0.7045,0.6949,FALSE,FALSE,FALSE,p6tc9n,0.0629,-1.05882,0.2897,2764,VBI_any,TRUE,reported,NA,NA,NA,NA,NA,NA,NA,0.0037,9.486486486486486,1.321e-19,187167,HDL,TRUE,reported,7JYqEy,2,TRUE,5e-6
rs2957447,G,A,G,A,-0.0155,0.0421,0.5831,0.5089,FALSE,FALSE,FALSE,p6tc9n,0.068,0.619118,0.5357,2764,VBI_any,TRUE,reported,NA,NA,NA,NA,NA,NA,NA,0.0035,-4.42857,3.51e-6,187167,HDL,TRUE,reported,7JYqEy,2,TRUE,5e-6
rs3741414,T,C,T,C,0.0296,-0.0264,0.1913,0.2379,FALSE,FALSE,FALSE,p6tc9n,0.0687,-0.38427947598253276,0.7007,2764,VBI_any,TRUE,reported,NA,NA,NA,NA,NA,NA,NA,0.004,7.4,6.095e-14,187167,HDL,TRUE,reported,7JYqEy,2,TRUE,5e-6
rs3761445,A,G,A,G,-0.0158,-0.0314,0.6148,0.3944,FALSE,FALSE,FALSE,p6tc9n,0.0583,-0.538593,0.5898,2764,VBI_any,TRUE,reported,NA,NA,NA,NA,NA,NA,NA,0.0035,-4.51429,3.943e-6,187167,HDL,TRUE,reported,7JYqEy,2,TRUE,5e-6
rs3822072,A,G,A,G,-0.0251,-0.0045,0.4881,0.4532,FALSE,FALSE,FALSE,p6tc9n,0.0584,-0.07705479452054793,0.9383,2764,VBI_any,TRUE,reported,NA,NA,NA,NA,NA,NA,NA,0.0034,-7.38235,4.058e-12,187167,HDL,TRUE,reported,7JYqEy,2,TRUE,5e-6
rs3847502,A,C,A,C,0.048,-0.0779,0.314,0.2894,FALSE,FALSE,FALSE,p6tc9n,0.0653,-1.1929555895865238,0.2329,2764,VBI_any,TRUE,reported,NA,NA,NA,NA,NA,NA,NA,0.0036,13.333333333333334,3.306e-38,187167,HDL,TRUE,reported,7JYqEy,2,TRUE,5e-6
rs3861397,G,A,G,A,-0.024,0.0487,0.3417,0.6733,FALSE,FALSE,FALSE,p6tc9n,0.0632,0.7705696202531644,0.4416,2764,VBI_any,TRUE,reported,NA,NA,NA,NA,NA,NA,NA,0.0036,-6.66667,8.401e-11,187167,HDL,TRUE,reported,7JYqEy,2,TRUE,5e-6
rs3936511,G,A,G,A,-0.0308,-0.0532,0.1689,0.8062,FALSE,FALSE,FALSE,p6tc9n,0.0723,-0.7358229598893499,0.4621,2764,VBI_any,TRUE,reported,NA,NA,NA,NA,NA,NA,NA,0.0046,-6.69565,2.959e-9,187167,HDL,TRUE,reported,7JYqEy,2,TRUE,5e-6
rs4142995,T,G,T,G,-0.0263,-0.0588,0.3839,0.3743,FALSE,FALSE,FALSE,p6tc9n,0.0605,-0.971900826446281,0.3307,2764,VBI_any,TRUE,reported,NA,NA,NA,NA,NA,NA,NA,0.0037,-7.10811,9.365e-12,187167,HDL,TRUE,reported,7JYqEy,2,TRUE,5e-6
rs4148005,G,T,G,T,-0.0283,0.0741,0.2995,0.6641,FALSE,FALSE,FALSE,p6tc9n,0.0609,1.2167487684729064,0.22399999999999998,2764,VBI_any,TRUE,reported,NA,NA,NA,NA,NA,NA,NA,0.0036,-7.86111,5.743e-14,187167,HDL,TRUE,reported,7JYqEy,2,TRUE,5e-6
rs4240624,A,G,A,G,0.0818,0.1315,0.9248,0.087,FALSE,FALSE,FALSE,p6tc9n,0.1028,1.27918,0.2008,2764,VBI_any,TRUE,reported,NA,NA,NA,NA,NA,NA,NA,0.0058,14.10344827586207,1.3229999999999999e-45,187167,HDL,TRUE,reported,7JYqEy,2,TRUE,5e-6
rs424346,T,C,T,C,0.0679,-0.2419,0.04881,0.0313,FALSE,FALSE,FALSE,p6tc9n,0.1799,-1.3446359088382434,0.1787,2764,VBI_any,TRUE,reported,NA,NA,NA,NA,NA,NA,NA,0.0113,6.008849557522124,4.8399999999999997e-8,187167,HDL,TRUE,reported,7JYqEy,2,TRUE,5e-6
rs4379922,C,T,C,T,0.0247,-0.0703,0.3496,0.6318,FALSE,FALSE,FALSE,p6tc9n,0.0605,-1.1619834710743802,0.245,2764,VBI_any,TRUE,reported,NA,NA,NA,NA,NA,NA,NA,0.0036,6.861111111111112,9.559e-12,187167,HDL,TRUE,reported,7JYqEy,2,TRUE,5e-6
rs442177,T,G,T,G,-0.0215,0.117,0.5528,0.3927,FALSE,FALSE,FALSE,p6tc9n,0.059000000000000004,1.98305,0.047439999999999996,2764,VBI_any,TRUE,reported,NA,NA,NA,NA,NA,NA,NA,0.0034,-6.32353,2.1929999999999998e-9,187167,HDL,TRUE,reported,7JYqEy,2,TRUE,5e-6
rs4465830,G,A,G,A,-0.0597,0.0706,0.2018,0.8015,FALSE,FALSE,FALSE,p6tc9n,0.0732,0.9644808743169399,0.3351,2764,VBI_any,TRUE,reported,NA,NA,NA,NA,NA,NA,NA,0.0044,-13.5682,5.174999999999999e-40,187167,HDL,TRUE,reported,7JYqEy,2,TRUE,5e-6
rs4650994,A,G,A,G,-0.021,0.0318,0.4828,0.4949,FALSE,FALSE,FALSE,p6tc9n,0.0663,0.4796380090497738,0.631,2764,VBI_any,TRUE,reported,NA,NA,NA,NA,NA,NA,NA,0.0034,-6.17647,6.696e-9,187167,HDL,TRUE,reported,7JYqEy,2,TRUE,5e-6
rs4660293,G,A,G,A,-0.0353,0.0319,0.2361,0.7634,FALSE,FALSE,FALSE,p6tc9n,0.0674,0.47329376854599403,0.6356,2764,VBI_any,TRUE,reported,NA,NA,NA,NA,NA,NA,NA,0.004,-8.825,2.863e-18,187167,HDL,TRUE,reported,7JYqEy,2,TRUE,5e-6
rs4711698,T,C,T,C,0.0207,0.062,0.7388,0.263,FALSE,FALSE,FALSE,p6tc9n,0.0672,0.922619,0.3564,2764,VBI_any,TRUE,reported,NA,NA,NA,NA,NA,NA,NA,0.004,5.175,1.631e-6,187167,HDL,TRUE,reported,7JYqEy,2,TRUE,5e-6
rs4804833,G,A,G,A,0.0221,-0.1026,0.5897,0.6057,FALSE,FALSE,FALSE,p6tc9n,0.0593,-1.73019,0.08344,2764,VBI_any,TRUE,reported,NA,NA,NA,NA,NA,NA,NA,0.0038,5.815789473684211,9.891e-8,187167,HDL,TRUE,reported,7JYqEy,2,TRUE,5e-6
rs4805755,T,C,T,C,0.0239,-0.0281,0.1517,0.1739,FALSE,FALSE,FALSE,p6tc9n,0.0766,-0.3668407310704961,0.7138,2764,VBI_any,TRUE,reported,NA,NA,NA,NA,NA,NA,NA,0.0044,5.431818181818182,2.526e-6,187167,HDL,TRUE,reported,7JYqEy,2,TRUE,5e-6
rs4846914,A,G,A,G,0.0479,-0.0359,0.5844,0.3962,FALSE,FALSE,FALSE,p6tc9n,0.0597,-0.60134,0.5477,2764,VBI_any,TRUE,reported,NA,NA,NA,NA,NA,NA,NA,0.0034,14.088235294117647,3.513e-41,187167,HDL,TRUE,reported,7JYqEy,2,TRUE,5e-6
rs4871137,T,G,T,G,-0.0209,-0.0347,0.6464,0.3314,FALSE,FALSE,FALSE,p6tc9n,0.0613,-0.566069,0.5709,2764,VBI_any,TRUE,reported,NA,NA,NA,NA,NA,NA,NA,0.0037,-5.64865,1.9260000000000002e-7,187167,HDL,TRUE,reported,7JYqEy,2,TRUE,5e-6
rs4917014,G,T,G,T,0.0222,-0.0474,0.3404,0.6741,FALSE,FALSE,FALSE,p6tc9n,0.0621,-0.7632850241545893,0.4452,2764,VBI_any,TRUE,reported,NA,NA,NA,NA,NA,NA,NA,0.0036,6.166666666666667,1.026e-8,187167,HDL,TRUE,reported,7JYqEy,2,TRUE,5e-6
rs492571,C,T,C,T,-0.0663,0.0753,0.04222,0.9537,FALSE,FALSE,FALSE,p6tc9n,0.1412,0.5332861189801701,0.5939,2764,VBI_any,TRUE,reported,NA,NA,NA,NA,NA,NA,NA,0.009000000000000001,-7.36667,1.2649999999999998e-12,187167,HDL,TRUE,reported,7JYqEy,2,TRUE,5e-6
rs4930731,G,A,G,A,-0.0174,-0.0759,0.3496,0.6238,FALSE,FALSE,FALSE,p6tc9n,0.0589,-1.2886247877758912,0.1978,2764,VBI_any,TRUE,reported,NA,NA,NA,NA,NA,NA,NA,0.0035,-4.97143,7.027e-7,187167,HDL,TRUE,reported,7JYqEy,2,TRUE,5e-6
rs4939883,C,T,C,T,0.0799,-0.0178,0.8193,0.8361,FALSE,FALSE,FALSE,p6tc9n,0.0775,-0.229677,0.8186,2764,VBI_any,TRUE,reported,NA,NA,NA,NA,NA,NA,NA,0.0045,17.755555555555556,1.7959999999999997e-66,187167,HDL,TRUE,reported,7JYqEy,2,TRUE,5e-6
rs4969178,G,A,G,A,0.0263,-0.0575,0.6266,0.6129,FALSE,FALSE,FALSE,p6tc9n,0.0597,-0.963149,0.3357,2764,VBI_any,TRUE,reported,NA,NA,NA,NA,NA,NA,NA,0.0035,7.514285714285714,1.5319999999999997e-12,187167,HDL,TRUE,reported,7JYqEy,2,TRUE,5e-6
rs4976033,G,A,G,A,-0.0215,0.0172,0.3799,0.6091,FALSE,FALSE,FALSE,p6tc9n,0.0672,0.255952380952381,0.7976,2764,VBI_any,TRUE,reported,NA,NA,NA,NA,NA,NA,NA,0.0037,-5.81081,6.421e-8,187167,HDL,TRUE,reported,7JYqEy,2,TRUE,5e-6
rs4983559,A,G,A,G,-0.0197,-0.0031,0.6227,0.354,FALSE,FALSE,FALSE,p6tc9n,0.0606,-0.0511551,0.9592,2764,VBI_any,TRUE,reported,NA,NA,NA,NA,NA,NA,NA,0.0036,-5.47222,9.565e-9,187167,HDL,TRUE,reported,7JYqEy,2,TRUE,5e-6
rs499974,A,C,A,C,-0.0263,-0.1052,0.1755,0.1829,FALSE,FALSE,FALSE,p6tc9n,0.0754,-1.3952254641909816,0.1629,2764,VBI_any,TRUE,reported,NA,NA,NA,NA,NA,NA,NA,0.0044,-5.97727,1.1200000000000001e-8,187167,HDL,TRUE,reported,7JYqEy,2,TRUE,5e-6
rs593245,T,C,T,C,0.0208,-0.0655,0.4314,0.4541,FALSE,FALSE,FALSE,p6tc9n,0.0592,-1.1064189189189189,0.2684,2764,VBI_any,TRUE,reported,NA,NA,NA,NA,NA,NA,NA,0.0038,5.473684210526316,5.686e-8,187167,HDL,TRUE,reported,7JYqEy,2,TRUE,5e-6
rs6058202,G,A,G,A,-0.0179,-0.099,0.5369,0.5702,FALSE,FALSE,FALSE,p6tc9n,0.057,-1.73684,0.08252000000000001,2764,VBI_any,TRUE,reported,NA,NA,NA,NA,NA,NA,NA,0.0034,-5.26471,1.275e-7,187167,HDL,TRUE,reported,7JYqEy,2,TRUE,5e-6
rs62101704,A,G,A,G,-0.1256,0.0504,0.02375,0.0148,FALSE,FALSE,FALSE,p6tc9n,0.2959,0.17032781345049003,0.8648,2764,VBI_any,TRUE,reported,NA,NA,NA,NA,NA,NA,NA,0.0221,-5.68326,3.6270000000000004e-7,187167,HDL,TRUE,reported,7JYqEy,2,TRUE,5e-6
rs633695,G,A,G,A,0.0885,-0.0578,0.285,0.701,FALSE,FALSE,FALSE,p6tc9n,0.0623,-0.92776886035313,0.3539,2764,VBI_any,TRUE,reported,NA,NA,NA,NA,NA,NA,NA,0.0054,16.388888888888886,7.82e-58,187167,HDL,TRUE,reported,7JYqEy,2,TRUE,5e-6
rs636049,C,A,C,A,-0.0188,0.0637,0.3034,0.7051,FALSE,FALSE,FALSE,p6tc9n,0.0635,1.0031496062992127,0.3157,2764,VBI_any,TRUE,reported,NA,NA,NA,NA,NA,NA,NA,0.0038,-4.94737,3.99e-6,187167,HDL,TRUE,reported,7JYqEy,2,TRUE,5e-6
rs6450176,A,G,A,G,-0.0254,-0.0602,0.2784,0.258,FALSE,FALSE,FALSE,p6tc9n,0.0665,-0.9052631578947368,0.365,2764,VBI_any,TRUE,reported,NA,NA,NA,NA,NA,NA,NA,0.0039,-6.51282,6.875000000000001e-10,187167,HDL,TRUE,reported,7JYqEy,2,TRUE,5e-6
rs6485672,A,G,A,G,-0.0246,-0.0447,0.4974,0.4889,FALSE,FALSE,FALSE,p6tc9n,0.0578,-0.773356401384083,0.4396,2764,VBI_any,TRUE,reported,NA,NA,NA,NA,NA,NA,NA,0.0035,-7.02857,3.418e-10,187167,HDL,TRUE,reported,7JYqEy,2,TRUE,5e-6
rs650194,G,A,G,A,0.0228,0.0942,0.6583,0.6577,FALSE,FALSE,FALSE,p6tc9n,0.0612,1.53922,0.1237,2764,VBI_any,TRUE,reported,NA,NA,NA,NA,NA,NA,NA,0.0044,5.181818181818182,1.584e-6,187167,HDL,TRUE,reported,7JYqEy,2,TRUE,5e-6
rs653178,T,C,T,C,0.0263,0.0173,0.5317,0.4991,FALSE,FALSE,FALSE,p6tc9n,0.0581,0.2977624784853701,0.7654,2764,VBI_any,TRUE,reported,NA,NA,NA,NA,NA,NA,NA,0.0035,7.514285714285714,1.0640000000000001e-12,187167,HDL,TRUE,reported,7JYqEy,2,TRUE,5e-6
rs6567160,C,T,C,T,-0.0257,0.0565,0.2309,0.7655,FALSE,FALSE,FALSE,p6tc9n,0.0671,0.8420268256333829,0.3998,2764,VBI_any,TRUE,reported,NA,NA,NA,NA,NA,NA,NA,0.0041,-6.26829,2.918e-9,187167,HDL,TRUE,reported,7JYqEy,2,TRUE,5e-6
rs6680658,A,G,A,G,0.0232,-0.0452,0.2309,0.2334,FALSE,FALSE,FALSE,p6tc9n,0.0695,-0.6503597122302157,0.5155,2764,VBI_any,TRUE,reported,NA,NA,NA,NA,NA,NA,NA,0.0041,5.6585365853658525,7.487e-8,187167,HDL,TRUE,reported,7JYqEy,2,TRUE,5e-6
rs676210,A,G,A,G,0.066,0.0731,0.2309,0.2123,FALSE,FALSE,FALSE,p6tc9n,0.0689,1.0609579100145137,0.2888,2764,VBI_any,TRUE,reported,NA,NA,NA,NA,NA,NA,NA,0.004,16.5,2.3449999999999997e-54,187167,HDL,TRUE,reported,7JYqEy,2,TRUE,5e-6
rs6805251,C,T,C,T,-0.02,0.0388,0.6187,0.6005,FALSE,FALSE,FALSE,p6tc9n,0.057999999999999996,0.668966,0.5035,2764,VBI_any,TRUE,reported,NA,NA,NA,NA,NA,NA,NA,0.0035,-5.71429,1.3319999999999998e-8,187167,HDL,TRUE,reported,7JYqEy,2,TRUE,5e-6
rs6855363,C,T,C,T,0.0184,-0.1185,0.347,0.6666,FALSE,FALSE,FALSE,p6tc9n,0.0604,-1.9619205298013243,0.04967,2764,VBI_any,TRUE,reported,NA,NA,NA,NA,NA,NA,NA,0.0036,5.111111111111112,3.2159999999999997e-7,187167,HDL,TRUE,reported,7JYqEy,2,TRUE,5e-6
rs686030,A,C,A,C,0.055,-0.057,0.8588,0.1427,FALSE,FALSE,FALSE,p6tc9n,0.0838,-0.680191,0.4963,2764,VBI_any,TRUE,reported,NA,NA,NA,NA,NA,NA,NA,0.0049,11.224489795918368,4.292e-27,187167,HDL,TRUE,reported,7JYqEy,2,TRUE,5e-6
rs6872354,C,T,C,T,0.017,-0.0292,0.3905,0.6375,FALSE,FALSE,FALSE,p6tc9n,0.0606,-0.48184818481848185,0.6293,2764,VBI_any,TRUE,reported,NA,NA,NA,NA,NA,NA,NA,0.0035,4.857142857142858,4.6060000000000005e-6,187167,HDL,TRUE,reported,7JYqEy,2,TRUE,5e-6
rs687339,T,C,T,C,-0.0316,0.029,0.7665,0.232,FALSE,FALSE,FALSE,p6tc9n,0.0676,0.428994,0.6679,2764,VBI_any,TRUE,reported,NA,NA,NA,NA,NA,NA,NA,0.0042,-7.52381,7.108e-13,187167,HDL,TRUE,reported,7JYqEy,2,TRUE,5e-6
rs6968554,G,A,G,A,-0.0184,-0.0479,0.6266,0.6328,FALSE,FALSE,FALSE,p6tc9n,0.0608,-0.787829,0.4315,2764,VBI_any,TRUE,reported,NA,NA,NA,NA,NA,NA,NA,0.0037,-4.97297,2.8110000000000003e-6,187167,HDL,TRUE,reported,7JYqEy,2,TRUE,5e-6
rs7014168,A,G,A,G,-0.0267,0.0515,0.2414,0.224,FALSE,FALSE,FALSE,p6tc9n,0.0685,0.751824817518248,0.4521,2764,VBI_any,TRUE,reported,NA,NA,NA,NA,NA,NA,NA,0.0041,-6.5122,9.203e-10,187167,HDL,TRUE,reported,7JYqEy,2,TRUE,5e-6
rs702485,G,A,G,A,0.0243,-0.0118,0.4499,0.5399,FALSE,FALSE,FALSE,p6tc9n,0.0633,-0.1864139020537125,0.8526,2764,VBI_any,TRUE,reported,NA,NA,NA,NA,NA,NA,NA,0.0034,7.147058823529412,6.450000000000001e-12,187167,HDL,TRUE,reported,7JYqEy,2,TRUE,5e-6
rs7076938,T,C,T,C,0.0195,-0.0354,0.657,0.276,FALSE,FALSE,FALSE,p6tc9n,0.0645,-0.548837,0.5831,2764,VBI_any,TRUE,reported,NA,NA,NA,NA,NA,NA,NA,0.004,4.875,1.712e-7,187167,HDL,TRUE,reported,7JYqEy,2,TRUE,5e-6
rs7117842,C,T,C,T,0.0272,0.1094,0.3892,0.638,FALSE,FALSE,FALSE,p6tc9n,0.0596,1.8355704697986577,0.06627999999999999,2764,VBI_any,TRUE,reported,NA,NA,NA,NA,NA,NA,NA,0.0035,7.7714285714285705,1.0570000000000001e-14,187167,HDL,TRUE,reported,7JYqEy,2,TRUE,5e-6
rs7306660,A,G,A,G,-0.0345,0.0032,0.3694,0.3462,FALSE,FALSE,FALSE,p6tc9n,0.061,0.05245901639344263,0.9587,2764,VBI_any,TRUE,reported,NA,NA,NA,NA,NA,NA,NA,0.0036,-9.58333,3.3409999999999997e-19,187167,HDL,TRUE,reported,7JYqEy,2,TRUE,5e-6
rs731839,A,G,A,G,0.022000000000000002,0.0167,0.6583,0.3364,FALSE,FALSE,FALSE,p6tc9n,0.0616,0.271104,0.7862,2764,VBI_any,TRUE,reported,NA,NA,NA,NA,NA,NA,NA,0.0037,5.9459459459459465,3.441e-9,187167,HDL,TRUE,reported,7JYqEy,2,TRUE,5e-6
rs737337,C,T,C,T,-0.0565,-0.1054,0.0686,0.9261,FALSE,FALSE,FALSE,p6tc9n,0.1071,-0.9841269841269841,0.3247,2764,VBI_any,TRUE,reported,NA,NA,NA,NA,NA,NA,NA,0.0061,-9.2623,4.5639999999999994e-17,187167,HDL,TRUE,reported,7JYqEy,2,TRUE,5e-6
rs7601692,G,T,G,T,0.0167,-0.0527,0.4974,0.4974,FALSE,FALSE,FALSE,p6tc9n,0.0569,-0.926186,0.3541,2764,VBI_any,TRUE,reported,NA,NA,NA,NA,NA,NA,NA,0.0034,4.911764705882353,1.575e-6,187167,HDL,TRUE,reported,7JYqEy,2,TRUE,5e-6
rs7607980,C,T,C,T,0.0447,-0.2376,0.1491,0.8788,FALSE,FALSE,FALSE,p6tc9n,0.0874,-2.718535469107551,0.006585,2764,VBI_any,TRUE,reported,NA,NA,NA,NA,NA,NA,NA,0.0052,8.596153846153847,1.807e-15,187167,HDL,TRUE,reported,7JYqEy,2,TRUE,5e-6
rs7925397,C,A,C,A,0.0373,0.1534,0.1398,0.8679,FALSE,FALSE,FALSE,p6tc9n,0.0858,1.7878787878787878,0.07367,2764,VBI_any,TRUE,reported,NA,NA,NA,NA,NA,NA,NA,0.0056,6.660714285714286,1.3930000000000003e-10,187167,HDL,TRUE,reported,7JYqEy,2,TRUE,5e-6
rs7949865,T,G,T,G,0.045,-0.0556,0.1161,0.1288,FALSE,FALSE,FALSE,p6tc9n,0.0851,-0.6533490011750881,0.5135,2764,VBI_any,TRUE,reported,TRUE,rs7949865,rs16905753,T,G,T,C,0.005,9,1.37e-18,187167,HDL,TRUE,reported,7JYqEy,2,TRUE,5e-6
rs8211,T,C,T,C,-0.0201,0.0633,0.5844,0.3831,FALSE,FALSE,FALSE,p6tc9n,0.0604,1.04801,0.2946,2764,VBI_any,TRUE,reported,NA,NA,NA,NA,NA,NA,NA,0.0035,-5.74286,8.049e-8,187167,HDL,TRUE,reported,7JYqEy,2,TRUE,5e-6
rs838876,G,A,G,A,-0.0493,0.0726,0.6741,0.6624,FALSE,FALSE,FALSE,p6tc9n,0.0649,1.11864,0.263,2764,VBI_any,TRUE,reported,NA,NA,NA,NA,NA,NA,NA,0.0039,-12.641,7.325e-33,187167,HDL,TRUE,reported,7JYqEy,2,TRUE,5e-6
rs871226,G,A,G,A,0.0276,0.1417,0.1266,0.8842,FALSE,FALSE,FALSE,p6tc9n,0.0901,1.5726970033296337,0.1159,2764,VBI_any,TRUE,reported,NA,NA,NA,NA,NA,NA,NA,0.0051,5.411764705882352,5.123e-7,187167,HDL,TRUE,reported,7JYqEy,2,TRUE,5e-6
rs884366,A,G,A,G,-0.0199,-0.0584,0.3179,0.2998,FALSE,FALSE,FALSE,p6tc9n,0.0634,-0.9211356466876972,0.3565,2764,VBI_any,TRUE,reported,NA,NA,NA,NA,NA,NA,NA,0.0037,-5.37838,1.671e-7,187167,HDL,TRUE,reported,7JYqEy,2,TRUE,5e-6
rs895954,A,G,A,G,-0.0224,0.147,0.7968,0.1922,FALSE,FALSE,FALSE,p6tc9n,0.0724,2.03039,0.04245,2764,VBI_any,TRUE,reported,NA,NA,NA,NA,NA,NA,NA,0.0045,-4.97778,1.335e-6,187167,HDL,TRUE,reported,7JYqEy,2,TRUE,5e-6
rs931992,T,G,T,G,0.034,-0.0844,0.6755,0.3359,FALSE,FALSE,FALSE,p6tc9n,0.0599,-1.40902,0.1588,2764,VBI_any,TRUE,reported,NA,NA,NA,NA,NA,NA,NA,0.0036,9.444444444444445,5.447e-20,187167,HDL,TRUE,reported,7JYqEy,2,TRUE,5e-6
rs9457931,G,A,G,A,-0.0552,-0.0809,0.0686,0.943,FALSE,FALSE,FALSE,p6tc9n,0.1311,-0.6170861937452327,0.5371,2764,VBI_any,TRUE,reported,NA,NA,NA,NA,NA,NA,NA,0.0073,-7.56164,7.297e-13,187167,HDL,TRUE,reported,7JYqEy,2,TRUE,5e-6
rs970548,C,A,C,A,0.0258,0.0146,0.277,0.7638,FALSE,FALSE,FALSE,p6tc9n,0.0676,0.21597633136094677,0.8296,2764,VBI_any,TRUE,reported,NA,NA,NA,NA,NA,NA,NA,0.0039,6.615384615384616,1.7059999999999998e-10,187167,HDL,TRUE,reported,7JYqEy,2,TRUE,5e-6
rs9911799,T,C,T,C,-0.0171,0.0264,0.5264,0.4506,FALSE,FALSE,FALSE,p6tc9n,0.0574,0.45993,0.6454,2764,VBI_any,TRUE,reported,NA,NA,NA,NA,NA,NA,NA,0.0034,-5.02941,2.053e-6,187167,HDL,TRUE,reported,7JYqEy,2,TRUE,5e-6
rs998584,A,C,A,C,-0.026,0.0424,0.5145,0.4843,FALSE,FALSE,FALSE,p6tc9n,0.0672,0.630952380952381,0.5277,2764,VBI_any,TRUE,reported,NA,NA,NA,NA,NA,NA,NA,0.0038,-6.84211,2.269e-11,187167,HDL,TRUE,reported,7JYqEy,2,TRUE,5e-6
rs9989419,G,A,G,A,0.1473,0.0303,0.595,0.6156,FALSE,FALSE,FALSE,p6tc9n,0.0619,0.489499,0.624,2764,VBI_any,TRUE,reported,NA,NA,NA,NA,NA,NA,NA,0.0036,40.916666666666664,1e-200,187167,HDL,TRUE,reported,7JYqEy,2,TRUE,5e-6
