SNP,effect_allele.exposure,other_allele.exposure,effect_allele.outcome,other_allele.outcome,beta.exposure,beta.outcome,eaf.exposure,eaf.outcome,remove,palindromic,ambiguous,id.outcome,se.outcome,pval.outcome,outcome,mr_keep.outcome,pval_origin.outcome,proxy.outcome,target_snp.outcome,proxy_snp.outcome,target_a1.outcome,target_a2.outcome,proxy_a1.outcome,proxy_a2.outcome,se.exposure,pval.exposure,exposure,mr_keep.exposure,pval_origin.exposure,id.exposure,action,mr_keep,samplesize.outcome,mrpresso_RSSobs,mrpresso_pval,mrpresso_keep
rs10002787,G,A,G,A,-0.0057542,-0.0629,0.47736,0.4182,FALSE,FALSE,FALSE,A9cZ7A,0.0525,0.2308,nft4,TRUE,reported,NA,NA,NA,NA,NA,NA,NA,0.0012282,2.80027059501063e-6,dep,TRUE,reported,DurhGC,2,TRUE,NA,NA,NA,TRUE
rs10035449,C,T,C,T,0.00609,0.0457,0.535837,0.5245,FALSE,FALSE,FALSE,A9cZ7A,0.0444,0.3031,nft4,TRUE,reported,NA,NA,NA,NA,NA,NA,NA,0.0011784,2.36973618438321e-7,dep,TRUE,reported,DurhGC,2,TRUE,NA,NA,NA,TRUE
rs10127497,T,A,T,A,0.0097175,0.0192,0.138233,0.14290000000000003,FALSE,TRUE,FALSE,A9cZ7A,0.0606,0.751,nft4,TRUE,reported,TRUE,rs10127497,rs58274265,A,T,T,G,0.0017084,1.28706357625333e-8,dep,TRUE,reported,DurhGC,2,TRUE,NA,NA,NA,TRUE
rs10136803,G,C,G,C,0.0057059,0.0293,0.64399,0.6871,FALSE,TRUE,FALSE,A9cZ7A,0.0515,0.5702,nft4,TRUE,reported,TRUE,rs10136803,rs10148993,C,G,T,C,0.0012369,3.96825890950912e-6,dep,TRUE,reported,DurhGC,2,TRUE,NA,NA,NA,TRUE
rs10148293,G,A,G,A,0.0062408,0.0402,0.538543,0.5255000000000001,FALSE,FALSE,FALSE,A9cZ7A,0.0441,0.3611,nft4,TRUE,reported,NA,NA,NA,NA,NA,NA,NA,0.0011781,1.17652185766723e-7,dep,TRUE,reported,DurhGC,2,TRUE,NA,NA,NA,TRUE
rs10175979,T,C,T,C,0.0060944,-0.0171,0.650631,0.6658,FALSE,FALSE,FALSE,A9cZ7A,0.0468,0.7148,nft4,TRUE,reported,NA,NA,NA,NA,NA,NA,NA,0.0012349,8.01308961991313e-7,dep,TRUE,reported,DurhGC,2,TRUE,NA,NA,NA,TRUE
rs1021363,G,A,G,A,-0.0070386,0.001,0.6422,0.6496,FALSE,FALSE,FALSE,A9cZ7A,0.045,0.9826,nft4,TRUE,reported,NA,NA,NA,NA,NA,NA,NA,0.0012298,1.04399880125749e-8,dep,TRUE,reported,DurhGC,2,TRUE,NA,NA,NA,TRUE
rs10447426,A,G,A,G,-0.015313,-0.0024,0.0428046,0.0239,FALSE,FALSE,FALSE,A9cZ7A,0.1569,0.9878,nft4,TRUE,reported,NA,NA,NA,NA,NA,NA,NA,0.0029974,3.24339617349349e-7,dep,TRUE,reported,DurhGC,2,TRUE,NA,NA,NA,TRUE
rs10450,T,C,T,C,-0.006177,-0.0404,0.720973,0.7123,FALSE,FALSE,FALSE,A9cZ7A,0.0487,0.4071,nft4,TRUE,reported,NA,NA,NA,NA,NA,NA,NA,0.0013115,2.48084710808892e-6,dep,TRUE,reported,DurhGC,2,TRUE,NA,NA,NA,TRUE
rs10501696,G,A,G,A,-0.0078805,-0.083,0.498721,0.47230000000000005,FALSE,FALSE,FALSE,A9cZ7A,0.048,0.08362,nft4,TRUE,reported,NA,NA,NA,NA,NA,NA,NA,0.0012074,6.72976656284317e-11,dep,TRUE,reported,DurhGC,2,TRUE,NA,NA,NA,TRUE
rs10753123,A,G,A,G,-0.0057772,-0.009,0.393748,0.4047,FALSE,FALSE,FALSE,A9cZ7A,0.0451,0.8417,nft4,TRUE,reported,NA,NA,NA,NA,NA,NA,NA,0.0012039,1.5988215745081e-6,dep,TRUE,reported,DurhGC,2,TRUE,NA,NA,NA,TRUE
rs10762080,G,A,G,A,-0.0059663,-0.0192,0.585845,0.5829,FALSE,FALSE,FALSE,A9cZ7A,0.044,0.6631,nft4,TRUE,reported,NA,NA,NA,NA,NA,NA,NA,0.0011967,6.17447448050682e-7,dep,TRUE,reported,DurhGC,2,TRUE,NA,NA,NA,TRUE
rs10767735,C,G,C,G,-0.0059897,-0.0259,0.394947,0.4024,FALSE,TRUE,FALSE,A9cZ7A,0.0444,0.5592,nft4,TRUE,reported,TRUE,rs10767735,rs4636654,C,G,A,G,0.0012047,6.63743070401909e-7,dep,TRUE,reported,DurhGC,2,TRUE,NA,NA,NA,TRUE
rs10809385,A,C,A,C,-0.0065254,-0.0944,0.404206,0.3985,FALSE,FALSE,FALSE,A9cZ7A,0.0445,0.033890000000000003,nft4,TRUE,reported,NA,NA,NA,NA,NA,NA,NA,0.001202,5.68460116849008e-8,dep,TRUE,reported,DurhGC,2,TRUE,NA,NA,NA,TRUE
rs10890045,C,T,C,T,-0.0063818,-0.0343,0.704175,0.6893,FALSE,FALSE,FALSE,A9cZ7A,0.0471,0.4672,nft4,TRUE,reported,NA,NA,NA,NA,NA,NA,NA,0.0012897,7.49031358510758e-7,dep,TRUE,reported,DurhGC,2,TRUE,NA,NA,NA,TRUE
rs10913341,T,G,T,G,0.01066,-0.0976,0.0886807,0.0929,FALSE,FALSE,FALSE,A9cZ7A,0.0733,0.1832,nft4,TRUE,reported,NA,NA,NA,NA,NA,NA,NA,0.0020693,2.58523483956219e-7,dep,TRUE,reported,DurhGC,2,TRUE,NA,NA,NA,TRUE
rs10960103,G,C,G,C,-0.0076417,-0.0038,0.227348,0.2133,FALSE,TRUE,FALSE,A9cZ7A,0.0546,0.9443,nft4,TRUE,reported,TRUE,rs10960103,rs55833444,G,C,A,C,0.0014051,5.37031796370253e-8,dep,TRUE,reported,DurhGC,2,TRUE,NA,NA,NA,TRUE
rs11123030,C,T,C,T,-0.0060304,5e-4,0.509754,0.5146999999999999,FALSE,FALSE,FALSE,A9cZ7A,0.0438,0.9906,nft4,TRUE,reported,NA,NA,NA,NA,NA,NA,NA,0.0011786,3.11601830310546e-7,dep,TRUE,reported,DurhGC,2,TRUE,NA,NA,NA,TRUE
rs111945524,T,C,T,C,-0.015114,0.0454,0.0452973,0.0355,FALSE,FALSE,FALSE,A9cZ7A,0.1536,0.7676,nft4,TRUE,reported,NA,NA,NA,NA,NA,NA,NA,0.0028259,8.88177976319248e-8,dep,TRUE,reported,DurhGC,2,TRUE,NA,NA,NA,TRUE
rs11215655,G,C,G,C,-0.0080006,-0.0425,0.849981,0.851,FALSE,TRUE,FALSE,A9cZ7A,0.0623,0.4953,nft4,TRUE,reported,TRUE,rs11215655,rs1625168,C,G,A,G,0.0016503,1.24709632663939e-6,dep,TRUE,reported,DurhGC,2,TRUE,NA,NA,NA,TRUE
rs112348907,G,A,G,A,0.0073444,-0.0846,0.295904,0.23419999999999996,FALSE,FALSE,FALSE,A9cZ7A,0.056,0.1308,nft4,TRUE,reported,NA,NA,NA,NA,NA,NA,NA,0.0012977,1.51809867075721e-8,dep,TRUE,reported,DurhGC,2,TRUE,NA,NA,NA,TRUE
rs1124147,G,A,G,A,0.0068609,-0.0128,0.225854,0.21340000000000003,FALSE,FALSE,FALSE,A9cZ7A,0.0532,0.8094,nft4,TRUE,reported,NA,NA,NA,NA,NA,NA,NA,0.0014135,1.21255096057149e-6,dep,TRUE,reported,DurhGC,2,TRUE,NA,NA,NA,TRUE
rs112596403,G,A,G,A,0.0060483,-0.0134,0.324056,0.33430000000000004,FALSE,FALSE,FALSE,A9cZ7A,0.046,0.7715,nft4,TRUE,reported,NA,NA,NA,NA,NA,NA,NA,0.0012567,1.4900471117871e-6,dep,TRUE,reported,DurhGC,2,TRUE,NA,NA,NA,TRUE
rs113644913,A,G,A,G,0.0086413,0.1046,0.115962,0.1143,FALSE,FALSE,FALSE,A9cZ7A,0.0744,0.1598,nft4,TRUE,reported,NA,NA,NA,NA,NA,NA,NA,0.0018625,3.49381576383293e-6,dep,TRUE,reported,DurhGC,2,TRUE,NA,NA,NA,TRUE
rs113664121,G,T,G,T,0.026916,0.4867,0.0105927,0.02310000000000001,FALSE,FALSE,FALSE,A9cZ7A,0.7855,0.5355,nft4,TRUE,reported,NA,NA,NA,NA,NA,NA,NA,0.0057407,2.75105960499036e-6,dep,TRUE,reported,DurhGC,2,TRUE,NA,NA,NA,TRUE
rs114051421,A,G,A,G,0.014209,-0.0713,0.0502423,0.0531,FALSE,FALSE,FALSE,A9cZ7A,0.098,0.467,nft4,TRUE,reported,NA,NA,NA,NA,NA,NA,NA,0.0026976,1.38420368156874e-7,dep,TRUE,reported,DurhGC,2,TRUE,NA,NA,NA,TRUE
rs114853178,A,G,A,G,0.021046,-0.0986,0.0182653,0.0236,FALSE,FALSE,FALSE,A9cZ7A,0.1878,0.5996,nft4,TRUE,reported,NA,NA,NA,NA,NA,NA,NA,0.0044858,2.71144000868831e-6,dep,TRUE,reported,DurhGC,2,TRUE,NA,NA,NA,TRUE
rs11579246,G,A,G,A,-0.010089,0.0894,0.0887075,0.1018,FALSE,FALSE,FALSE,A9cZ7A,0.0741,0.2275,nft4,TRUE,reported,NA,NA,NA,NA,NA,NA,NA,0.002072,1.12046939881781e-6,dep,TRUE,reported,DurhGC,2,TRUE,NA,NA,NA,TRUE
rs11708271,A,G,A,G,0.0063191,-0.0032,0.259257,0.2649,FALSE,FALSE,FALSE,A9cZ7A,0.0498,0.9484,nft4,TRUE,reported,NA,NA,NA,NA,NA,NA,NA,0.0013452,2.63329794367551e-6,dep,TRUE,reported,DurhGC,2,TRUE,NA,NA,NA,TRUE
rs11877758,G,T,G,T,0.0067278,0.0012,0.31138,0.3076,FALSE,FALSE,FALSE,A9cZ7A,0.048,0.9804,nft4,TRUE,reported,NA,NA,NA,NA,NA,NA,NA,0.0012756,1.33290746423134e-7,dep,TRUE,reported,DurhGC,2,TRUE,NA,NA,NA,TRUE
rs11919912,T,A,T,A,-0.010419,0.0135,0.0740154,0.0514,FALSE,TRUE,FALSE,A9cZ7A,0.1077,0.9001,nft4,TRUE,reported,TRUE,rs11919912,rs6548796,T,A,T,C,0.0022523,3.73078309318472e-6,dep,TRUE,reported,DurhGC,2,TRUE,NA,NA,NA,TRUE
rs11961509,G,A,G,A,0.014247,-0.0973,0.0572851,0.0625,FALSE,FALSE,FALSE,A9cZ7A,0.0889,0.2737,nft4,TRUE,reported,NA,NA,NA,NA,NA,NA,NA,0.0025342,1.88929597786807e-8,dep,TRUE,reported,DurhGC,2,TRUE,NA,NA,NA,TRUE
rs12030638,C,T,C,T,-0.0057397,-0.0151,0.381707,0.38139999999999996,FALSE,FALSE,FALSE,A9cZ7A,0.0473,0.7497,nft4,TRUE,reported,NA,NA,NA,NA,NA,NA,NA,0.0012119,2.18122265608352e-6,dep,TRUE,reported,DurhGC,2,TRUE,NA,NA,NA,TRUE
rs12188167,G,C,G,C,-0.0067099,0.0719,0.220631,0.19989999999999997,FALSE,TRUE,FALSE,A9cZ7A,0.0603,0.233,nft4,TRUE,reported,TRUE,rs12188167,rs72771828,C,G,T,G,0.001423,2.41546083444494e-6,dep,TRUE,reported,DurhGC,2,TRUE,NA,NA,NA,TRUE
rs12189861,A,G,A,G,0.0095061,0.0608,0.10529,0.1131,FALSE,FALSE,FALSE,A9cZ7A,0.0693,0.3803,nft4,TRUE,reported,NA,NA,NA,NA,NA,NA,NA,0.0019174,7.13674205122475e-7,dep,TRUE,reported,DurhGC,2,TRUE,NA,NA,NA,TRUE
rs12212594,C,T,C,T,0.011619,0.118,0.0769897,0.06430000000000002,FALSE,FALSE,FALSE,A9cZ7A,0.111,0.2878,nft4,TRUE,reported,NA,NA,NA,NA,NA,NA,NA,0.0022768,3.34272000137866e-7,dep,TRUE,reported,DurhGC,2,TRUE,NA,NA,NA,TRUE
rs1233393,G,C,G,C,-0.012904,0.0012,0.122259,0.10050000000000003,FALSE,TRUE,FALSE,A9cZ7A,0.1082,0.9915,nft4,TRUE,reported,TRUE,rs1233393,rs1233385,C,G,T,C,0.0018006,7.70903469064431e-13,dep,TRUE,reported,DurhGC,2,TRUE,NA,NA,NA,TRUE
rs12595866,C,A,C,A,-0.0056834,-0.0065,0.496073,0.5019,FALSE,FALSE,FALSE,A9cZ7A,0.0443,0.8839,nft4,TRUE,reported,NA,NA,NA,NA,NA,NA,NA,0.0011806,1.48047132489762e-6,dep,TRUE,reported,DurhGC,2,TRUE,NA,NA,NA,TRUE
rs12661596,G,A,G,A,-0.0066152,0.0308,0.230482,0.24439999999999995,FALSE,FALSE,FALSE,A9cZ7A,0.0516,0.5502,nft4,TRUE,reported,NA,NA,NA,NA,NA,NA,NA,0.0013983,2.23563036653701e-6,dep,TRUE,reported,DurhGC,2,TRUE,NA,NA,NA,TRUE
rs12932870,T,A,T,A,0.0081606,0.0553,0.186831,0.1838,FALSE,TRUE,FALSE,A9cZ7A,0.0569,0.331,nft4,TRUE,reported,TRUE,rs12932870,rs12927821,T,A,T,C,0.0015165,7.41139567960076e-8,dep,TRUE,reported,DurhGC,2,TRUE,NA,NA,NA,TRUE
rs12943181,C,G,C,G,-0.0071234,0.0409,0.279839,0.2702,FALSE,TRUE,FALSE,A9cZ7A,0.05,0.413,nft4,TRUE,reported,TRUE,rs12943181,rs1002446,C,G,T,C,0.001312,5.65978586242696e-8,dep,TRUE,reported,DurhGC,2,TRUE,NA,NA,NA,TRUE
rs12961598,G,A,G,A,-0.0076593,-0.0358,0.161833,0.15200000000000002,FALSE,FALSE,FALSE,A9cZ7A,0.0638,0.5744,nft4,TRUE,reported,NA,NA,NA,NA,NA,NA,NA,0.0016298,2.60915572301414e-6,dep,TRUE,reported,DurhGC,2,TRUE,NA,NA,NA,TRUE
rs13097653,C,T,C,T,0.0061743,-0.0154,0.313884,0.3117,FALSE,FALSE,FALSE,A9cZ7A,0.0471,0.7443,nft4,TRUE,reported,NA,NA,NA,NA,NA,NA,NA,0.0012664,1.08517554963278e-6,dep,TRUE,reported,DurhGC,2,TRUE,NA,NA,NA,TRUE
rs13194504,A,G,A,G,-0.012678,-0.0412,0.112233,0.0919,FALSE,FALSE,FALSE,A9cZ7A,0.1097,0.7068,nft4,TRUE,reported,NA,NA,NA,NA,NA,NA,NA,0.0018702,1.21059813355048e-11,dep,TRUE,reported,DurhGC,2,TRUE,NA,NA,NA,TRUE
rs13220522,A,G,A,G,-0.010559,-0.0351,0.100863,0.0789,FALSE,FALSE,FALSE,A9cZ7A,0.104,0.7357,nft4,TRUE,reported,NA,NA,NA,NA,NA,NA,NA,0.0019566,6.79047258205188e-8,dep,TRUE,reported,DurhGC,2,TRUE,NA,NA,NA,TRUE
rs1357139,G,T,G,T,-0.0058263,-0.0904,0.657993,0.6611,FALSE,FALSE,FALSE,A9cZ7A,0.0471,0.05484,nft4,TRUE,reported,NA,NA,NA,NA,NA,NA,NA,0.0012531,3.32966085206881e-6,dep,TRUE,reported,DurhGC,2,TRUE,NA,NA,NA,TRUE
rs1382119,T,C,T,C,0.0057459,0.0635,0.340953,0.3415,FALSE,FALSE,FALSE,A9cZ7A,0.0465,0.1722,nft4,TRUE,reported,NA,NA,NA,NA,NA,NA,NA,0.0012409,3.64921961009471e-6,dep,TRUE,reported,DurhGC,2,TRUE,NA,NA,NA,TRUE
rs140427260,C,T,C,T,0.01328,-0.052,0.04603,0.045599999999999974,FALSE,FALSE,FALSE,A9cZ7A,0.1084,0.6315,nft4,TRUE,reported,NA,NA,NA,NA,NA,NA,NA,0.0028203,2.49459472694296e-6,dep,TRUE,reported,DurhGC,2,TRUE,NA,NA,NA,TRUE
rs1452787,G,A,G,A,0.0068347,0.065,0.274445,0.2791,FALSE,FALSE,FALSE,A9cZ7A,0.049,0.1847,nft4,TRUE,reported,NA,NA,NA,NA,NA,NA,NA,0.0013176,2.13402744284898e-7,dep,TRUE,reported,DurhGC,2,TRUE,NA,NA,NA,TRUE
rs146529460,T,C,T,C,0.022071,-0.3225,0.0162415,0.010800000000000032,FALSE,FALSE,FALSE,A9cZ7A,0.3282,0.3258,nft4,TRUE,reported,TRUE,rs146529460,rs75188590,C,T,T,C,0.0046922,2.55623042711255e-6,dep,TRUE,reported,DurhGC,2,TRUE,NA,NA,NA,TRUE
rs148466862,T,C,T,C,0.01536,-0.0638,0.0449821,0.0492,FALSE,FALSE,FALSE,A9cZ7A,0.1092,0.5588,nft4,TRUE,reported,NA,NA,NA,NA,NA,NA,NA,0.0028896,1.06389801844698e-7,dep,TRUE,reported,DurhGC,2,TRUE,NA,NA,NA,TRUE
rs1486093,C,T,C,T,0.0068886,0.0044,0.454433,0.4716,FALSE,FALSE,FALSE,A9cZ7A,0.0441,0.9206,nft4,TRUE,reported,NA,NA,NA,NA,NA,NA,NA,0.0011833,5.82907978867233e-9,dep,TRUE,reported,DurhGC,2,TRUE,NA,NA,NA,TRUE
rs1597749,C,T,C,T,0.0058628,0.0734,0.635735,0.6127,FALSE,FALSE,FALSE,A9cZ7A,0.0449,0.1021,nft4,TRUE,reported,NA,NA,NA,NA,NA,NA,NA,0.0012238,1.66494541579528e-6,dep,TRUE,reported,DurhGC,2,TRUE,NA,NA,NA,TRUE
rs1634726,A,G,A,G,-0.009612,-0.0533,0.144805,0.1121,FALSE,FALSE,FALSE,A9cZ7A,0.0967,0.5817,nft4,TRUE,reported,NA,NA,NA,NA,NA,NA,NA,0.0016852,1.1724653045823e-8,dep,TRUE,reported,DurhGC,2,TRUE,NA,NA,NA,TRUE
rs1670154,C,A,C,A,-0.0055337,-0.0126,0.446604,0.4599,FALSE,FALSE,FALSE,A9cZ7A,0.0433,0.771,nft4,TRUE,reported,NA,NA,NA,NA,NA,NA,NA,0.0011888,3.24489015660536e-6,dep,TRUE,reported,DurhGC,2,TRUE,NA,NA,NA,TRUE
rs1710278,A,G,A,G,0.005452,0.1012,0.454707,0.4382,FALSE,FALSE,FALSE,A9cZ7A,0.044,0.02141,nft4,TRUE,reported,NA,NA,NA,NA,NA,NA,NA,0.0011815,3.94003427644746e-6,dep,TRUE,reported,DurhGC,2,TRUE,NA,NA,NA,TRUE
rs17410557,C,T,C,T,0.0059482,-0.0313,0.390712,0.39470000000000005,FALSE,FALSE,FALSE,A9cZ7A,0.0445,0.4819,nft4,TRUE,reported,NA,NA,NA,NA,NA,NA,NA,0.0012068,8.26989508567933e-7,dep,TRUE,reported,DurhGC,2,TRUE,NA,NA,NA,TRUE
rs17476793,C,G,C,G,0.013507,-0.1403,0.069715,0.0806,FALSE,TRUE,FALSE,A9cZ7A,0.0828,0.09,nft4,TRUE,reported,TRUE,rs17476793,rs9262026,G,C,T,C,0.0023164,5.51061411139065e-9,dep,TRUE,reported,DurhGC,2,TRUE,NA,NA,NA,TRUE
rs1755255,C,T,C,T,0.0064232,0.016,0.711871,0.6994,FALSE,FALSE,FALSE,A9cZ7A,0.0488,0.7426,nft4,TRUE,reported,NA,NA,NA,NA,NA,NA,NA,0.0013013,7.97443642412681e-7,dep,TRUE,reported,DurhGC,2,TRUE,NA,NA,NA,TRUE
rs17641524,T,C,T,C,-0.0074989,-0.0225,0.208629,0.2125,FALSE,FALSE,FALSE,A9cZ7A,0.0536,0.6742,nft4,TRUE,reported,NA,NA,NA,NA,NA,NA,NA,0.0014473,2.20444871645106e-7,dep,TRUE,reported,DurhGC,2,TRUE,NA,NA,NA,TRUE
rs1765516,A,G,A,G,-0.0059326,-0.0535,0.542475,0.5347,FALSE,FALSE,FALSE,A9cZ7A,0.0468,0.2525,nft4,TRUE,reported,NA,NA,NA,NA,NA,NA,NA,0.0011812,5.1015247738556e-7,dep,TRUE,reported,DurhGC,2,TRUE,NA,NA,NA,TRUE
rs1791684,G,T,G,T,0.0060555,0.0101,0.525533,0.503,FALSE,FALSE,FALSE,A9cZ7A,0.0446,0.8201,nft4,TRUE,reported,NA,NA,NA,NA,NA,NA,NA,0.0011785,2.7720432375777e-7,dep,TRUE,reported,DurhGC,2,TRUE,NA,NA,NA,TRUE
rs1808361,G,C,G,C,-0.0057509,0.0156,0.4514,0.46140000000000003,FALSE,TRUE,TRUE,A9cZ7A,0.0458,0.734,nft4,TRUE,reported,TRUE,rs1808361,rs10199885,C,G,T,C,0.0011846,1.20475850253495e-6,dep,TRUE,reported,DurhGC,2,FALSE,NA,NA,NA,TRUE
rs1890946,C,T,C,T,0.0057007,-0.0332,0.530123,0.5347999999999999,FALSE,FALSE,FALSE,A9cZ7A,0.0435,0.4443,nft4,TRUE,reported,NA,NA,NA,NA,NA,NA,NA,0.0011823,1.42331163646664e-6,dep,TRUE,reported,DurhGC,2,TRUE,NA,NA,NA,TRUE
rs189315389,T,A,T,A,-0.014442,-0.1291,0.0373888,0.03990000000000005,FALSE,TRUE,FALSE,A9cZ7A,0.1222,0.2904,nft4,TRUE,reported,TRUE,rs189315389,rs76719841,A,T,T,C,0.0031406,4.25990584332205e-6,dep,TRUE,reported,DurhGC,2,TRUE,NA,NA,NA,TRUE
rs1899386,T,C,T,C,0.0061496,0.0108,0.347011,0.3595,FALSE,FALSE,FALSE,A9cZ7A,0.0456,0.8129,nft4,TRUE,reported,NA,NA,NA,NA,NA,NA,NA,0.0012333000000000001,6.16027358327238e-7,dep,TRUE,reported,DurhGC,2,TRUE,NA,NA,NA,TRUE
rs1900599,A,G,A,G,0.0065489,-0.0061,0.278174,0.284,FALSE,FALSE,FALSE,A9cZ7A,0.0488,0.9001,nft4,TRUE,reported,NA,NA,NA,NA,NA,NA,NA,0.0013111,5.88979257229025e-7,dep,TRUE,reported,DurhGC,2,TRUE,NA,NA,NA,TRUE
rs2187490,G,T,G,T,0.0094903,-0.0773,0.0943006,0.07899999999999996,FALSE,FALSE,FALSE,A9cZ7A,0.0838,0.3562,nft4,TRUE,reported,NA,NA,NA,NA,NA,NA,NA,0.0020124,2.40824129982783e-6,dep,TRUE,reported,DurhGC,2,TRUE,NA,NA,NA,TRUE
rs226007,T,G,T,G,0.0064919,0.0205,0.662054,0.6704,FALSE,FALSE,FALSE,A9cZ7A,0.0466,0.6598,nft4,TRUE,reported,NA,NA,NA,NA,NA,NA,NA,0.0012434,1.78196840681642e-7,dep,TRUE,reported,DurhGC,2,TRUE,NA,NA,NA,TRUE
rs2276882,A,T,A,T,-0.0056802,-0.0406,0.427825,0.4243,FALSE,TRUE,TRUE,A9cZ7A,0.0441,0.3576,nft4,TRUE,reported,TRUE,rs2276882,rs362319,T,A,T,G,0.0011914,1.86337386525683e-6,dep,TRUE,reported,DurhGC,2,FALSE,NA,NA,NA,TRUE
rs2284174,C,T,C,T,-0.010193,0.0294,0.218901,0.2026,FALSE,FALSE,FALSE,A9cZ7A,0.0663,0.6579,nft4,TRUE,reported,NA,NA,NA,NA,NA,NA,NA,0.0014298,1.01391138573668e-12,dep,TRUE,reported,DurhGC,2,TRUE,NA,NA,NA,TRUE
rs2328850,C,T,C,T,-0.0055899,0.0264,0.542093,0.5509,FALSE,FALSE,FALSE,A9cZ7A,0.0465,0.5707,nft4,TRUE,reported,NA,NA,NA,NA,NA,NA,NA,0.0011838,2.33776041227469e-6,dep,TRUE,reported,DurhGC,2,TRUE,NA,NA,NA,TRUE
rs236351,A,G,A,G,-0.0095396,0.0791,0.0981495,0.1037,FALSE,FALSE,FALSE,A9cZ7A,0.0717,0.2695,nft4,TRUE,reported,NA,NA,NA,NA,NA,NA,NA,0.0019977,1.79514692710316e-6,dep,TRUE,reported,DurhGC,2,TRUE,NA,NA,NA,TRUE
rs2399363,T,C,T,C,-0.0056332,-0.0587,0.477699,0.4771,FALSE,FALSE,FALSE,A9cZ7A,0.0484,0.2253,nft4,TRUE,reported,NA,NA,NA,NA,NA,NA,NA,0.0011776,1.7206795610303e-6,dep,TRUE,reported,DurhGC,2,TRUE,NA,NA,NA,TRUE
rs2402273,C,T,C,T,0.0072069,-0.0105,0.409436,0.4173,FALSE,FALSE,FALSE,A9cZ7A,0.044,0.8104,nft4,TRUE,reported,NA,NA,NA,NA,NA,NA,NA,0.0012008,1.95254027129864e-9,dep,TRUE,reported,DurhGC,2,TRUE,NA,NA,NA,TRUE
rs2516721,C,T,C,T,-0.0056231,-0.0029,0.491014,0.4434,FALSE,FALSE,FALSE,A9cZ7A,0.0461,0.9493,nft4,TRUE,reported,NA,NA,NA,NA,NA,NA,NA,0.0011772,1.78443198854037e-6,dep,TRUE,reported,DurhGC,2,TRUE,NA,NA,NA,TRUE
rs2523734,C,A,C,A,0.011964,-0.0582,0.133577,0.13790000000000002,FALSE,FALSE,FALSE,A9cZ7A,0.0627,0.3529,nft4,TRUE,reported,NA,NA,NA,NA,NA,NA,NA,0.0017314,4.86407205691461e-12,dep,TRUE,reported,DurhGC,2,TRUE,NA,NA,NA,TRUE
rs2524137,T,C,T,C,0.0062859,0.0012,0.696856,0.7474,FALSE,FALSE,FALSE,A9cZ7A,0.2769,0.9966,nft4,TRUE,reported,NA,NA,NA,NA,NA,NA,NA,0.0012948,1.20670190959327e-6,dep,TRUE,reported,DurhGC,2,TRUE,NA,NA,NA,TRUE
rs2596505,T,C,T,C,-0.0089832,-0.0548,0.168066,0.1598,FALSE,FALSE,FALSE,A9cZ7A,0.0784,0.4842,nft4,TRUE,reported,NA,NA,NA,NA,NA,NA,NA,0.001582,1.36238546003083e-8,dep,TRUE,reported,DurhGC,2,TRUE,NA,NA,NA,TRUE
rs2617841,A,G,A,G,0.0061088,0.0626,0.727879,0.7224,FALSE,FALSE,FALSE,A9cZ7A,0.0477,0.1892,nft4,TRUE,reported,NA,NA,NA,NA,NA,NA,NA,0.0013284,4.25696422073175e-6,dep,TRUE,reported,DurhGC,2,TRUE,NA,NA,NA,TRUE
rs263575,A,G,A,G,-0.0065899,-0.0599,0.460081,0.4655,FALSE,FALSE,FALSE,A9cZ7A,0.0441,0.1746,nft4,TRUE,reported,NA,NA,NA,NA,NA,NA,NA,0.0011794,2.30568513694729e-8,dep,TRUE,reported,DurhGC,2,TRUE,NA,NA,NA,TRUE
rs2679321,C,T,C,T,-0.0056005,0.0449,0.40658,0.41090000000000004,FALSE,FALSE,FALSE,A9cZ7A,0.0446,0.315,nft4,TRUE,reported,NA,NA,NA,NA,NA,NA,NA,0.001199,2.99985318119079e-6,dep,TRUE,reported,DurhGC,2,TRUE,NA,NA,NA,TRUE
rs2685292,A,T,A,T,-0.0055709,0.0336,0.554903,0.5911,FALSE,TRUE,TRUE,A9cZ7A,0.044,0.4458,nft4,TRUE,reported,TRUE,rs2685292,rs2819771,T,A,A,G,0.0011905,2.87938673780798e-6,dep,TRUE,reported,DurhGC,2,FALSE,NA,NA,NA,TRUE
rs2736155,C,G,C,G,0.005896,-0.0583,0.477999,0.4765,FALSE,TRUE,TRUE,A9cZ7A,0.0445,0.1903,nft4,TRUE,reported,TRUE,rs2736155,rs2077492,C,G,A,G,0.001182,6.09677264457243e-7,dep,TRUE,reported,DurhGC,2,FALSE,NA,NA,NA,TRUE
rs2759663,G,C,G,C,-0.0075178,-0.0168,0.218614,0.2169,FALSE,TRUE,FALSE,A9cZ7A,0.0537,0.7537,nft4,TRUE,reported,TRUE,rs2759663,rs72740550,G,C,A,G,0.0014211,1.22292549762624e-7,dep,TRUE,reported,DurhGC,2,TRUE,NA,NA,NA,TRUE
rs28541419,G,C,G,C,-0.0078206,0.0529,0.23097,0.24580000000000002,FALSE,TRUE,FALSE,A9cZ7A,0.0545,0.3315,nft4,TRUE,reported,TRUE,rs28541419,rs8035777,C,G,A,G,0.0014078,2.77715423588467e-8,dep,TRUE,reported,DurhGC,2,TRUE,NA,NA,NA,TRUE
rs2859263,T,C,T,C,0.0054458,-0.0155,0.547422,0.5615,FALSE,FALSE,FALSE,A9cZ7A,0.0438,0.7237,nft4,TRUE,reported,NA,NA,NA,NA,NA,NA,NA,0.0011829,4.15049600334712e-6,dep,TRUE,reported,DurhGC,2,TRUE,NA,NA,NA,TRUE
rs28649197,G,T,G,T,-0.018488,0.055,0.023916,0.016800000000000037,FALSE,FALSE,FALSE,A9cZ7A,0.275,0.8414,nft4,TRUE,reported,NA,NA,NA,NA,NA,NA,NA,0.0039326,2.586425658378e-6,dep,TRUE,reported,DurhGC,2,TRUE,NA,NA,NA,TRUE
rs28732090,G,C,G,C,0.0097975,0.018,0.0869593,0.0996,FALSE,TRUE,FALSE,A9cZ7A,0.0746,0.8096,nft4,TRUE,reported,TRUE,rs28732090,rs6906565,G,C,T,C,0.0020926,2.84380622147298e-6,dep,TRUE,reported,DurhGC,2,TRUE,NA,NA,NA,TRUE
rs2876520,G,C,G,C,0.0062305,0.0169,0.466531,0.4696,FALSE,TRUE,TRUE,A9cZ7A,0.0437,0.699,nft4,TRUE,reported,TRUE,rs2876520,rs1396898,C,G,A,G,0.0011887,1.59367588102877e-7,dep,TRUE,reported,DurhGC,2,FALSE,NA,NA,NA,TRUE
rs28820925,C,T,C,T,-0.0057936,0.0474,0.584081,0.5807,FALSE,FALSE,FALSE,A9cZ7A,0.0439,0.2804,nft4,TRUE,reported,NA,NA,NA,NA,NA,NA,NA,0.0011931,1.19894704047942e-6,dep,TRUE,reported,DurhGC,2,TRUE,NA,NA,NA,TRUE
rs2888566,C,T,C,T,0.0075465,0.0929,0.15237,0.15369999999999995,FALSE,FALSE,FALSE,A9cZ7A,0.0641,0.1476,nft4,TRUE,reported,NA,NA,NA,NA,NA,NA,NA,0.0016379,4.07943483416096e-6,dep,TRUE,reported,DurhGC,2,TRUE,NA,NA,NA,TRUE
rs28986310,T,C,T,C,0.01573,-0.0486,0.0595176,0.0887,FALSE,FALSE,FALSE,A9cZ7A,0.0901,0.5895,nft4,TRUE,reported,NA,NA,NA,NA,NA,NA,NA,0.0025303,5.08276464068372e-10,dep,TRUE,reported,DurhGC,2,TRUE,NA,NA,NA,TRUE
rs28986317,C,G,C,G,0.012309,-0.1189,0.0623752,0.07140000000000002,FALSE,TRUE,FALSE,A9cZ7A,0.0902,0.1878,nft4,TRUE,reported,TRUE,rs28986317,rs41315800,G,C,T,C,0.0024393,4.51232113344337e-7,dep,TRUE,reported,DurhGC,2,TRUE,NA,NA,NA,TRUE
rs29232,T,C,T,C,0.0060387,0.0088,0.349798,0.3701,FALSE,FALSE,FALSE,A9cZ7A,0.0466,0.8509,nft4,TRUE,reported,NA,NA,NA,NA,NA,NA,NA,0.0012342,9.94947121750992e-7,dep,TRUE,reported,DurhGC,2,TRUE,NA,NA,NA,TRUE
rs2945451,T,A,T,A,-0.0073104,0.0215,0.2388,0.25270000000000004,FALSE,TRUE,FALSE,A9cZ7A,0.0503,0.6697,nft4,TRUE,reported,TRUE,rs2945451,rs2610688,A,T,A,G,0.0013799,1.1738159324832201e-07,dep,TRUE,reported,DurhGC,2,TRUE,NA,NA,NA,TRUE
rs30266,A,G,A,G,0.007785,0.0812,0.328688,0.3301,FALSE,FALSE,FALSE,A9cZ7A,0.0478,0.08897,nft4,TRUE,reported,NA,NA,NA,NA,NA,NA,NA,0.0012541,5.38145855586728e-10,dep,TRUE,reported,DurhGC,2,TRUE,NA,NA,NA,TRUE
rs3129791,A,G,A,G,-0.012488,-0.1296,0.114765,0.0876,FALSE,FALSE,FALSE,A9cZ7A,0.1243,0.2972,nft4,TRUE,reported,NA,NA,NA,NA,NA,NA,NA,0.0018524,1.56675107010815e-11,dep,TRUE,reported,DurhGC,2,TRUE,NA,NA,NA,TRUE
rs3130116,C,T,C,T,-0.012353,0.0618,0.139134,0.11280000000000001,FALSE,FALSE,FALSE,A9cZ7A,0.1007,0.5394,nft4,TRUE,reported,NA,NA,NA,NA,NA,NA,NA,0.0017169,6.26613864672336e-13,dep,TRUE,reported,DurhGC,2,TRUE,NA,NA,NA,TRUE
rs3132685,A,G,A,G,-0.013055,0.0523,0.130202,0.1156,FALSE,FALSE,FALSE,A9cZ7A,0.0954,0.5838,nft4,TRUE,reported,NA,NA,NA,NA,NA,NA,NA,0.0017833,2.47172414501613e-13,dep,TRUE,reported,DurhGC,2,TRUE,NA,NA,NA,TRUE
rs34185469,A,G,A,G,0.0063143,0.0064,0.528279,0.5479,FALSE,FALSE,FALSE,A9cZ7A,0.0452,0.8875,nft4,TRUE,reported,NA,NA,NA,NA,NA,NA,NA,0.0011787,8.45668200099355e-8,dep,TRUE,reported,DurhGC,2,TRUE,NA,NA,NA,TRUE
rs34187563,T,G,T,G,-0.0063583,-0.0012,0.405131,0.4838,FALSE,FALSE,FALSE,A9cZ7A,0.0435,0.9781,nft4,TRUE,reported,NA,NA,NA,NA,NA,NA,NA,0.0012368,2.73715883575058e-7,dep,TRUE,reported,DurhGC,2,TRUE,NA,NA,NA,TRUE
rs35017208,T,C,T,C,-0.01334,0.0201,0.110945,0.0857,FALSE,FALSE,FALSE,A9cZ7A,0.1136,0.8594,nft4,TRUE,reported,NA,NA,NA,NA,NA,NA,NA,0.0018795,1.27057410520854e-12,dep,TRUE,reported,DurhGC,2,TRUE,NA,NA,NA,TRUE
rs3756644,C,A,C,A,-0.010702,-0.1493,0.0674902,0.07040000000000002,FALSE,FALSE,FALSE,A9cZ7A,0.0847,0.07795,nft4,TRUE,reported,NA,NA,NA,NA,NA,NA,NA,0.002344,4.9842520940426e-6,dep,TRUE,reported,DurhGC,2,TRUE,NA,NA,NA,TRUE
rs3791021,T,C,T,C,-0.0099629,0.149,0.0879102,0.095,FALSE,FALSE,FALSE,A9cZ7A,0.076,0.04982,nft4,TRUE,reported,NA,NA,NA,NA,NA,NA,NA,0.0020812,1.69277797609853e-6,dep,TRUE,reported,DurhGC,2,TRUE,NA,NA,NA,TRUE
rs3807865,A,G,A,G,0.0081747,0.1037,0.411722,0.4348,FALSE,FALSE,FALSE,A9cZ7A,0.0445,0.01977,nft4,TRUE,reported,NA,NA,NA,NA,NA,NA,NA,0.001193,7.27779804536824e-12,dep,TRUE,reported,DurhGC,2,TRUE,NA,NA,NA,TRUE
rs3869094,C,T,C,T,0.0055019,-0.0073,0.412256,0.4204,FALSE,FALSE,FALSE,A9cZ7A,0.0448,0.8706,nft4,TRUE,reported,NA,NA,NA,NA,NA,NA,NA,0.001195,4.1399967481973e-6,dep,TRUE,reported,DurhGC,2,TRUE,NA,NA,NA,TRUE
rs3906401,G,A,G,A,0.0053917,0.0675,0.514425,0.5153,FALSE,FALSE,FALSE,A9cZ7A,0.0435,0.1212,nft4,TRUE,reported,NA,NA,NA,NA,NA,NA,NA,0.0011802,4.91020924883086e-6,dep,TRUE,reported,DurhGC,2,TRUE,NA,NA,NA,TRUE
rs3996329,A,G,A,G,-0.00785,0.015,0.151706,0.1793,FALSE,FALSE,FALSE,A9cZ7A,0.0578,0.7953,nft4,TRUE,reported,NA,NA,NA,NA,NA,NA,NA,0.0016805,2.99433233386727e-6,dep,TRUE,reported,DurhGC,2,TRUE,NA,NA,NA,TRUE
rs41266779,T,C,T,C,-0.0095535,-0.0092,0.0949376,0.0766,FALSE,FALSE,FALSE,A9cZ7A,0.103,0.9289,nft4,TRUE,reported,NA,NA,NA,NA,NA,NA,NA,0.0020141,2.10377843976648e-6,dep,TRUE,reported,DurhGC,2,TRUE,NA,NA,NA,TRUE
rs4128242,C,T,C,T,-0.0058325,-0.0205,0.406378,0.41169999999999995,FALSE,FALSE,FALSE,A9cZ7A,0.0444,0.644,nft4,TRUE,reported,NA,NA,NA,NA,NA,NA,NA,0.0011993,1.15451611692143e-6,dep,TRUE,reported,DurhGC,2,TRUE,NA,NA,NA,TRUE
rs415929,C,T,C,T,0.0060783,0.0619,0.28844,0.3174,FALSE,FALSE,FALSE,A9cZ7A,0.0481,0.1984,nft4,TRUE,reported,NA,NA,NA,NA,NA,NA,NA,0.0012974,2.79962588310584e-6,dep,TRUE,reported,DurhGC,2,TRUE,NA,NA,NA,TRUE
rs4455170,T,C,T,C,0.0065864,0.0177,0.284279,0.2885,FALSE,FALSE,FALSE,A9cZ7A,0.0484,0.7139,nft4,TRUE,reported,NA,NA,NA,NA,NA,NA,NA,0.0013076,4.73369203348302e-7,dep,TRUE,reported,DurhGC,2,TRUE,NA,NA,NA,TRUE
rs4475190,C,T,C,T,-0.0067543,0.0118,0.268073,0.26559999999999995,FALSE,FALSE,FALSE,A9cZ7A,0.0505,0.8147,nft4,TRUE,reported,NA,NA,NA,NA,NA,NA,NA,0.0013469,5.31740818827143e-7,dep,TRUE,reported,DurhGC,2,TRUE,NA,NA,NA,TRUE
rs45527431,G,A,G,A,-0.011503,-0.062,0.10521,0.08109999999999995,FALSE,FALSE,FALSE,A9cZ7A,0.1083,0.567,nft4,TRUE,reported,NA,NA,NA,NA,NA,NA,NA,0.0019238,2.24491550756959e-9,dep,TRUE,reported,DurhGC,2,TRUE,NA,NA,NA,TRUE
rs4570089,A,T,A,T,0.0057624,-0.014,0.53273,0.52,FALSE,TRUE,TRUE,A9cZ7A,0.0433,0.7464,nft4,TRUE,reported,TRUE,rs4570089,rs2396122,T,A,T,C,0.0011789,1.01882595439313e-6,dep,TRUE,reported,DurhGC,2,FALSE,NA,NA,NA,TRUE
rs4589057,T,G,T,G,0.0062708,0.0441,0.51521,0.5318,FALSE,FALSE,FALSE,A9cZ7A,0.0441,0.3173,nft4,TRUE,reported,NA,NA,NA,NA,NA,NA,NA,0.0011806,1.08692605632623e-7,dep,TRUE,reported,DurhGC,2,TRUE,NA,NA,NA,TRUE
rs4653218,C,T,C,T,-0.0063229,0.0431,0.578967,0.5664,FALSE,FALSE,FALSE,A9cZ7A,0.0435,0.3217,nft4,TRUE,reported,NA,NA,NA,NA,NA,NA,NA,0.0011904,1.08667581116443e-7,dep,TRUE,reported,DurhGC,2,TRUE,NA,NA,NA,TRUE
rs4662297,A,T,A,T,-0.0053774,-0.0595,0.486448,0.4782,FALSE,TRUE,TRUE,A9cZ7A,0.045,0.1857,nft4,TRUE,reported,TRUE,rs4662297,rs4662568,A,T,T,C,0.001177,4.91247100450335e-6,dep,TRUE,reported,DurhGC,2,FALSE,NA,NA,NA,TRUE
rs4715176,T,C,T,C,-0.0055908,-0.0012,0.62906,0.6329,FALSE,FALSE,FALSE,A9cZ7A,0.0457,0.9796,nft4,TRUE,reported,NA,NA,NA,NA,NA,NA,NA,0.0012243,4.96020927395975e-6,dep,TRUE,reported,DurhGC,2,TRUE,NA,NA,NA,TRUE
rs4801146,C,T,C,T,0.0062697,0.0202,0.492203,0.5015000000000001,FALSE,FALSE,FALSE,A9cZ7A,0.0438,0.6452,nft4,TRUE,reported,NA,NA,NA,NA,NA,NA,NA,0.0011783,1.03181063526759e-7,dep,TRUE,reported,DurhGC,2,TRUE,NA,NA,NA,TRUE
rs483143,C,G,C,G,-0.012107,-0.0042,0.127691,0.1069,FALSE,TRUE,FALSE,A9cZ7A,0.0947,0.9649,nft4,TRUE,reported,TRUE,rs483143,rs200990,G,C,T,G,0.0017685,7.62079010025411e-12,dep,TRUE,reported,DurhGC,2,TRUE,NA,NA,NA,TRUE
rs4863729,T,C,T,C,0.0055225,-0.0564,0.506118,0.522,FALSE,FALSE,FALSE,A9cZ7A,0.0441,0.201,nft4,TRUE,reported,TRUE,rs4863729,rs11100449,C,T,A,G,0.0011907,3.51722377378703e-6,dep,TRUE,reported,DurhGC,2,TRUE,NA,NA,NA,TRUE
rs4895718,T,C,T,C,-0.0058548,-0.0743,0.665489,0.687,FALSE,FALSE,FALSE,A9cZ7A,0.0501,0.1381,nft4,TRUE,reported,NA,NA,NA,NA,NA,NA,NA,0.0012465,2.64362591176345e-6,dep,TRUE,reported,DurhGC,2,TRUE,NA,NA,NA,TRUE
rs4906349,G,A,G,A,-0.0064208,-0.0264,0.310786,0.29990000000000006,FALSE,FALSE,FALSE,A9cZ7A,0.0477,0.5791,nft4,TRUE,reported,NA,NA,NA,NA,NA,NA,NA,0.0012733,4.59621144666001e-7,dep,TRUE,reported,DurhGC,2,TRUE,NA,NA,NA,TRUE
rs4925300,A,G,A,G,0.0058993,0.0756,0.625181,0.6391,FALSE,FALSE,FALSE,A9cZ7A,0.0452,0.09452,nft4,TRUE,reported,NA,NA,NA,NA,NA,NA,NA,0.0012149,1.20005182020427e-6,dep,TRUE,reported,DurhGC,2,TRUE,NA,NA,NA,TRUE
rs4936275,T,C,T,C,0.0064639,0.0206,0.621682,0.6219,FALSE,FALSE,FALSE,A9cZ7A,0.0451,0.648,nft4,TRUE,reported,NA,NA,NA,NA,NA,NA,NA,0.0012123,9.72299360257922e-8,dep,TRUE,reported,DurhGC,2,TRUE,NA,NA,NA,TRUE
rs4971040,C,A,C,A,0.0084301,-0.0439,0.841146,0.8298,FALSE,FALSE,FALSE,A9cZ7A,0.06,0.4642,nft4,TRUE,reported,NA,NA,NA,NA,NA,NA,NA,0.0016078,1.57979232648838e-7,dep,TRUE,reported,DurhGC,2,TRUE,NA,NA,NA,TRUE
rs510339,A,G,A,G,0.0073709,-0.0089,0.820288,0.8266,FALSE,FALSE,FALSE,A9cZ7A,0.0584,0.8782,nft4,TRUE,reported,NA,NA,NA,NA,NA,NA,NA,0.0015353,1.58088398536889e-6,dep,TRUE,reported,DurhGC,2,TRUE,NA,NA,NA,TRUE
rs521048,G,A,G,A,0.006717,-0.0598,0.730948,0.7323999999999999,FALSE,FALSE,FALSE,A9cZ7A,0.0504,0.2355,nft4,TRUE,reported,NA,NA,NA,NA,NA,NA,NA,0.0013351,4.88202501086706e-7,dep,TRUE,reported,DurhGC,2,TRUE,NA,NA,NA,TRUE
rs537160,G,A,G,A,0.0062867,-0.0435,0.63937600000000006,0.6673,FALSE,FALSE,FALSE,A9cZ7A,0.0493,0.3768,nft4,TRUE,reported,NA,NA,NA,NA,NA,NA,NA,0.0012261,2.94103369374731e-7,dep,TRUE,reported,DurhGC,2,TRUE,NA,NA,NA,TRUE
rs55834529,G,A,G,A,-0.01138,-0.1337,0.105873,0.08309999999999995,FALSE,FALSE,FALSE,A9cZ7A,0.1059,0.2067,nft4,TRUE,reported,NA,NA,NA,NA,NA,NA,NA,0.0019175,2.94442163379876e-9,dep,TRUE,reported,DurhGC,2,TRUE,NA,NA,NA,TRUE
rs55869021,T,C,T,C,-0.007041,-0.0034,0.18787,0.1502,FALSE,FALSE,FALSE,A9cZ7A,0.0699,0.9617,nft4,TRUE,reported,NA,NA,NA,NA,NA,NA,NA,0.0015176,3.4905993220483e-6,dep,TRUE,reported,DurhGC,2,TRUE,NA,NA,NA,TRUE
rs56366527,A,G,A,G,-0.0062306,-0.0538,0.385514,0.3682,FALSE,FALSE,FALSE,A9cZ7A,0.0457,0.239,nft4,TRUE,reported,NA,NA,NA,NA,NA,NA,NA,0.0012066,2.42047164837223e-7,dep,TRUE,reported,DurhGC,2,TRUE,NA,NA,NA,TRUE
rs57679688,T,C,T,C,0.0068752,-0.122,0.263262,0.267,FALSE,FALSE,FALSE,A9cZ7A,0.0495,0.01368,nft4,TRUE,reported,NA,NA,NA,NA,NA,NA,NA,0.0013372,2.7270933226839e-7,dep,TRUE,reported,DurhGC,2,TRUE,NA,NA,NA,TRUE
rs578174,G,A,G,A,-0.0098932,-0.0127,0.104271,0.11280000000000001,FALSE,FALSE,FALSE,A9cZ7A,0.0753,0.8655,nft4,TRUE,reported,NA,NA,NA,NA,NA,NA,NA,0.0019408,3.44349930763338e-7,dep,TRUE,reported,DurhGC,2,TRUE,NA,NA,NA,TRUE
rs60545357,C,A,C,A,0.0076973,-0.061,0.173929,0.17979999999999996,FALSE,FALSE,FALSE,A9cZ7A,0.0579,0.2928,nft4,TRUE,reported,NA,NA,NA,NA,NA,NA,NA,0.0015531,7.20277751238341e-7,dep,TRUE,reported,DurhGC,2,TRUE,NA,NA,NA,TRUE
rs6131010,G,A,G,A,-0.0072577,0.1125,0.740213,0.7293000000000001,FALSE,FALSE,FALSE,A9cZ7A,0.0486,0.02066,nft4,TRUE,reported,NA,NA,NA,NA,NA,NA,NA,0.0013456,6.91034929404941e-8,dep,TRUE,reported,DurhGC,2,TRUE,NA,NA,NA,TRUE
rs62383381,C,T,C,T,0.0078261,0.0289,0.164385,0.17720000000000002,FALSE,FALSE,FALSE,A9cZ7A,0.0587,0.6227,nft4,TRUE,reported,NA,NA,NA,NA,NA,NA,NA,0.0015919,8.83486667395857e-7,dep,TRUE,reported,DurhGC,2,TRUE,NA,NA,NA,TRUE
rs62482416,A,C,A,C,-0.0093945,0.1038,0.0931874,0.0867,FALSE,FALSE,FALSE,A9cZ7A,0.0793,0.1906,nft4,TRUE,reported,NA,NA,NA,NA,NA,NA,NA,0.0020346,3.88597497954394e-6,dep,TRUE,reported,DurhGC,2,TRUE,NA,NA,NA,TRUE
rs6424532,A,G,A,G,0.0064684,0.0577,0.485645,0.5074,FALSE,FALSE,FALSE,A9cZ7A,0.0435,0.185,nft4,TRUE,reported,NA,NA,NA,NA,NA,NA,NA,0.0011772,3.91020926126814e-8,dep,TRUE,reported,DurhGC,2,TRUE,NA,NA,NA,TRUE
rs645592,C,T,C,T,0.0058134,0.0965,0.488908,0.47019999999999995,FALSE,FALSE,FALSE,A9cZ7A,0.0449,0.03153,nft4,TRUE,reported,NA,NA,NA,NA,NA,NA,NA,0.0011771,7.87227034551168e-7,dep,TRUE,reported,DurhGC,2,TRUE,NA,NA,NA,TRUE
rs6466512,A,G,A,G,-0.0059201,-0.026,0.417219,0.4165,FALSE,FALSE,FALSE,A9cZ7A,0.0448,0.5619,nft4,TRUE,reported,NA,NA,NA,NA,NA,NA,NA,0.0011965,7.50930942454065e-7,dep,TRUE,reported,DurhGC,2,TRUE,NA,NA,NA,TRUE
rs6483414,C,T,C,T,0.0068723,0.032,0.643712,0.6456,FALSE,FALSE,FALSE,A9cZ7A,0.0449,0.4758,nft4,TRUE,reported,NA,NA,NA,NA,NA,NA,NA,0.0012334,2.52464314594825e-8,dep,TRUE,reported,DurhGC,2,TRUE,NA,NA,NA,TRUE
rs6490098,C,T,C,T,0.0056013,0.042,0.602048,0.5949,FALSE,FALSE,FALSE,A9cZ7A,0.0448,0.3486,nft4,TRUE,reported,NA,NA,NA,NA,NA,NA,NA,0.0012012,3.11745361303127e-6,dep,TRUE,reported,DurhGC,2,TRUE,NA,NA,NA,TRUE
rs66511648,C,T,C,T,0.0069671,-0.0807,0.285451,0.2823,FALSE,FALSE,FALSE,A9cZ7A,0.0493,0.1016,nft4,TRUE,reported,NA,NA,NA,NA,NA,NA,NA,0.0013083,1.00878821494927e-7,dep,TRUE,reported,DurhGC,2,TRUE,NA,NA,NA,TRUE
rs6699744,T,A,T,A,0.0089463,0.0492,0.612022,0.6196999999999999,FALSE,TRUE,FALSE,A9cZ7A,0.0446,0.2698,nft4,TRUE,reported,TRUE,rs6699744,rs2012697,A,T,T,C,0.001213,1.64058977319954e-13,dep,TRUE,reported,DurhGC,2,TRUE,NA,NA,NA,TRUE
rs67788318,C,T,C,T,-0.0092848,-0.0079,0.113476,0.1169,FALSE,FALSE,FALSE,A9cZ7A,0.0754,0.9168,nft4,TRUE,reported,NA,NA,NA,NA,NA,NA,NA,0.001907,1.12356965136437e-6,dep,TRUE,reported,DurhGC,2,TRUE,NA,NA,NA,TRUE
rs68006638,A,G,A,G,-0.010174,-0.0827,0.0938016,0.0732,FALSE,FALSE,FALSE,A9cZ7A,0.1045,0.4286,nft4,TRUE,reported,NA,NA,NA,NA,NA,NA,NA,0.0020386,6.01866262899573e-7,dep,TRUE,reported,DurhGC,2,TRUE,NA,NA,NA,TRUE
rs6818069,G,T,G,T,0.0068799,9e-4,0.25255,0.26149999999999995,FALSE,FALSE,FALSE,A9cZ7A,0.0505,0.9863,nft4,TRUE,reported,NA,NA,NA,NA,NA,NA,NA,0.0013604,4.25696422073175e-7,dep,TRUE,reported,DurhGC,2,TRUE,NA,NA,NA,TRUE
rs7030813,T,C,T,C,0.0062081,-0.0305,0.373933,0.376,FALSE,FALSE,FALSE,A9cZ7A,0.046,0.5076,nft4,TRUE,reported,NA,NA,NA,NA,NA,NA,NA,0.0012211,3.6999853117286e-7,dep,TRUE,reported,DurhGC,2,TRUE,NA,NA,NA,TRUE
rs7046881,G,T,G,T,-0.0057261,0.0442,0.42401,0.4174,FALSE,FALSE,FALSE,A9cZ7A,0.0445,0.32,nft4,TRUE,reported,NA,NA,NA,NA,NA,NA,NA,0.0011925,1.57325818544647e-6,dep,TRUE,reported,DurhGC,2,TRUE,NA,NA,NA,TRUE
rs7098208,T,C,T,C,0.0066136,-0.0192,0.245017,0.2596,FALSE,FALSE,FALSE,A9cZ7A,0.0509,0.7063,nft4,TRUE,reported,NA,NA,NA,NA,NA,NA,NA,0.0013693,1.3658405430725e-6,dep,TRUE,reported,DurhGC,2,TRUE,NA,NA,NA,TRUE
rs7241572,A,G,A,G,0.006943,-0.0968,0.208599,0.2485,FALSE,FALSE,FALSE,A9cZ7A,0.0501,0.05331,nft4,TRUE,reported,NA,NA,NA,NA,NA,NA,NA,0.001469,2.28665160291952e-6,dep,TRUE,reported,DurhGC,2,TRUE,NA,NA,NA,TRUE
rs72740410,T,C,T,C,0.010753,-0.0131,0.0675445,0.078,FALSE,FALSE,FALSE,A9cZ7A,0.0842,0.8767,nft4,TRUE,reported,NA,NA,NA,NA,NA,NA,NA,0.0023476,4.64515275222749e-6,dep,TRUE,reported,DurhGC,2,TRUE,NA,NA,NA,TRUE
rs72948529,C,A,C,A,0.0074652,-0.0435,0.216144,0.20309999999999995,FALSE,FALSE,FALSE,A9cZ7A,0.0584,0.4562,nft4,TRUE,reported,NA,NA,NA,NA,NA,NA,NA,0.0014355,1.99021502227933e-7,dep,TRUE,reported,DurhGC,2,TRUE,NA,NA,NA,TRUE
rs73107919,G,A,G,A,0.0087595,-0.0053,0.117888,0.11209999999999998,FALSE,FALSE,FALSE,A9cZ7A,0.0709,0.9407,nft4,TRUE,reported,NA,NA,NA,NA,NA,NA,NA,0.0018333,1.77051658789575e-6,dep,TRUE,reported,DurhGC,2,TRUE,NA,NA,NA,TRUE
rs73474148,C,T,C,T,-0.010151,-0.036,0.109526,0.11099999999999999,FALSE,FALSE,FALSE,A9cZ7A,0.07,0.6069,nft4,TRUE,reported,NA,NA,NA,NA,NA,NA,NA,0.0018854,7.29793515214449e-8,dep,TRUE,reported,DurhGC,2,TRUE,NA,NA,NA,TRUE
rs74456050,A,G,A,G,0.0078652,0.003,0.142638,0.134,FALSE,FALSE,FALSE,A9cZ7A,0.078,0.9693,nft4,TRUE,reported,NA,NA,NA,NA,NA,NA,NA,0.0016911,3.30445620193452e-6,dep,TRUE,reported,DurhGC,2,TRUE,NA,NA,NA,TRUE
rs7548151,A,G,A,G,0.012507,-0.0062,0.0836238,0.0944,FALSE,FALSE,FALSE,A9cZ7A,0.0761,0.9346,nft4,TRUE,reported,NA,NA,NA,NA,NA,NA,NA,0.0021234,3.86812054633052e-9,dep,TRUE,reported,DurhGC,2,TRUE,NA,NA,NA,TRUE
rs7624336,T,G,T,G,0.0069267,0.0353,0.215994,0.2071,FALSE,FALSE,FALSE,A9cZ7A,0.0561,0.5294,nft4,TRUE,reported,NA,NA,NA,NA,NA,NA,NA,0.001434,1.36301300620783e-6,dep,TRUE,reported,DurhGC,2,TRUE,NA,NA,NA,TRUE
rs7635184,A,G,A,G,-0.0062537,-0.0605,0.601545,0.6299,FALSE,FALSE,FALSE,A9cZ7A,0.0465,0.1938,nft4,TRUE,reported,NA,NA,NA,NA,NA,NA,NA,0.0012064,2.17821126629343e-7,dep,TRUE,reported,DurhGC,2,TRUE,NA,NA,NA,TRUE
rs76360763,T,C,T,C,-0.013399,0.0992,0.0419555,0.0418,FALSE,FALSE,FALSE,A9cZ7A,0.1246,0.4258,nft4,TRUE,reported,NA,NA,NA,NA,NA,NA,NA,0.0029328,4.90794853449556e-6,dep,TRUE,reported,DurhGC,2,TRUE,NA,NA,NA,TRUE
rs76736233,C,T,C,T,0.0089682,-0.1224,0.133828,0.0776,FALSE,FALSE,FALSE,A9cZ7A,0.1116,0.273,nft4,TRUE,reported,NA,NA,NA,NA,NA,NA,NA,0.0017597,3.4633788460828e-7,dep,TRUE,reported,DurhGC,2,TRUE,NA,NA,NA,TRUE
rs7749305,C,T,C,T,-0.011904,0.0947,0.12088,0.09440000000000004,FALSE,FALSE,FALSE,A9cZ7A,0.1017,0.3515,nft4,TRUE,reported,NA,NA,NA,NA,NA,NA,NA,0.0018065,4.41570447353312e-11,dep,TRUE,reported,DurhGC,2,TRUE,NA,NA,NA,TRUE
rs77937532,A,G,A,G,-0.0069424,0.0159,0.189259,0.1904,FALSE,FALSE,FALSE,A9cZ7A,0.056,0.7763,nft4,TRUE,reported,NA,NA,NA,NA,NA,NA,NA,0.0015017,3.78181256110951e-6,dep,TRUE,reported,DurhGC,2,TRUE,NA,NA,NA,TRUE
rs78652754,T,G,T,G,0.013012,0.0491,0.0450834,0.0813,FALSE,FALSE,FALSE,A9cZ7A,0.1098,0.6551,nft4,TRUE,reported,NA,NA,NA,NA,NA,NA,NA,0.0028338,4.40047947835984e-6,dep,TRUE,reported,DurhGC,2,TRUE,NA,NA,NA,TRUE
rs7965279,C,G,C,G,0.0061554,-0.0048,0.70091,0.6966,FALSE,TRUE,FALSE,A9cZ7A,0.0487,0.9222,nft4,TRUE,reported,TRUE,rs7965279,rs28816104,G,C,A,G,0.0012987,2.14042492677163e-6,dep,TRUE,reported,DurhGC,2,TRUE,NA,NA,NA,TRUE
rs8180817,C,G,C,G,-0.0057354,0.1127,0.43043,0.08079999999999998,FALSE,TRUE,TRUE,A9cZ7A,0.1435,0.4323,nft4,TRUE,reported,TRUE,rs8180817,rs12536335,G,C,A,G,0.0011971,1.65958690743756e-6,dep,TRUE,reported,DurhGC,2,FALSE,NA,NA,NA,TRUE
rs830716,C,G,C,G,0.0065546,0.0011,0.713532,0.7177,FALSE,TRUE,FALSE,A9cZ7A,0.0493,0.9822,nft4,TRUE,reported,TRUE,rs830716,rs7197683,C,G,A,G,0.0013057,5.17011257968655e-7,dep,TRUE,reported,DurhGC,2,TRUE,NA,NA,NA,TRUE
rs9257681,G,C,G,C,-0.013142,0.004,0.115062,0.09499999999999997,FALSE,TRUE,FALSE,A9cZ7A,0.109,0.9705,nft4,TRUE,reported,TRUE,rs9257681,rs3129120,C,G,T,C,0.0018689,2.04173794466953e-12,dep,TRUE,reported,DurhGC,2,TRUE,NA,NA,NA,TRUE
rs9348817,C,T,C,T,0.0061232,-0.02,0.34766,0.33609999999999995,FALSE,FALSE,FALSE,A9cZ7A,0.0464,0.6674,nft4,TRUE,reported,NA,NA,NA,NA,NA,NA,NA,0.0012574,1.11763501610879e-6,dep,TRUE,reported,DurhGC,2,TRUE,NA,NA,NA,TRUE
rs9530139,T,C,T,C,-0.008854,-0.0191,0.195464,0.2045,FALSE,FALSE,FALSE,A9cZ7A,0.055,0.7283,nft4,TRUE,reported,NA,NA,NA,NA,NA,NA,NA,0.0014872,2.62966242003022e-9,dep,TRUE,reported,DurhGC,2,TRUE,NA,NA,NA,TRUE
rs9545408,A,G,A,G,0.0061121,0.03,0.30335,0.2973,FALSE,FALSE,FALSE,A9cZ7A,0.053,0.5712,nft4,TRUE,reported,NA,NA,NA,NA,NA,NA,NA,0.0013068,2.90870716020759e-6,dep,TRUE,reported,DurhGC,2,TRUE,NA,NA,NA,TRUE
rs9643389,C,T,C,T,0.0073636,0.0077,0.841575,0.8458,FALSE,FALSE,FALSE,A9cZ7A,0.0604,0.8984,nft4,TRUE,reported,TRUE,rs9643389,rs7837935,T,C,T,G,0.0016101,4.79954424931944e-6,dep,TRUE,reported,DurhGC,2,TRUE,NA,NA,NA,TRUE
rs9759257,C,A,C,A,0.0062029,0.0424,0.253582,0.23560000000000003,FALSE,FALSE,FALSE,A9cZ7A,0.0521,0.415,nft4,TRUE,reported,NA,NA,NA,NA,NA,NA,NA,0.0013531,4.55826951540195e-6,dep,TRUE,reported,DurhGC,2,TRUE,NA,NA,NA,TRUE
rs9805634,T,C,T,C,0.0058869,0.0206,0.328373,0.315,FALSE,FALSE,FALSE,A9cZ7A,0.0476,0.6651,nft4,TRUE,reported,NA,NA,NA,NA,NA,NA,NA,0.0012535,2.64911004851627e-6,dep,TRUE,reported,DurhGC,2,TRUE,NA,NA,NA,TRUE
rs9843540,C,T,C,T,-0.0054666,0.026,0.507688,0.49570000000000003,FALSE,FALSE,FALSE,A9cZ7A,0.0437,0.5526,nft4,TRUE,reported,NA,NA,NA,NA,NA,NA,NA,0.0011808,3.66859694441342e-6,dep,TRUE,reported,DurhGC,2,TRUE,NA,NA,NA,TRUE
